file_name,M1,M2,M3,M4,M5,M6,M7,M8,M9,M10,M11,M12,M13,M14,M15,M16,M17,M18,M19,M20
S_002_1-S_003_3-S_005_1,5.909435326301257e-31,0.9999966621398926,6.166940529385608e-30,0.0,7.051916241541647e-33,4.0159626785830727e-25,1.0804859090773888e-10,8.205943181920288e-23,0.0,0.0,0.0,0.0,3.3691546832415042e-06,0.0,0.0,0.0,0.0,0.0,2.0234952702088752e-31,0.0
S_001_3-S_003_3-S_004_3,0.0,0.9995201826095581,0.0,0.0,0.0,1.3568488433168629e-15,7.50949649686028e-13,1.1043709349789488e-12,0.0,0.0,0.0,0.0,0.0004798652371391654,0.0,0.0,0.0,0.0,0.0,0.0,0.0
S_001_2-S_002_2-S_004_3,0.0,0.9999971389770508,0.0,0.0,0.0,6.382600569702174e-19,1.9020239180043193e-15,2.725830606422531e-17,0.0,0.0,0.0,0.0,2.8144340831204318e-06,0.0,0.0,0.0,0.0,0.0,0.0,0.0
S_003_1-S_004_2-S_005_2,5.290634894814487e-24,0.9996947050094604,2.305983570704134e-28,0.0,3.48355851267314e-30,1.1975509568167724e-15,1.4106999158506207e-14,8.921798022587524e-11,0.0,0.0,0.0,1.1910848589288466e-32,0.00030533730750903487,0.0,0.0,0.0,0.0,1.2676587149142742e-36,2.7259606269881114e-26,0.0
S_001_3-S_002_2-S_005_1,1.2251478340541286e-28,0.9999889135360718,9.129874662949614e-30,0.0,4.003682507347015e-31,2.8301746796827176e-12,8.659657990683911e-10,2.0701383718346733e-08,0.0,0.0,0.0,0.0,1.1055082723032683e-05,0.0,0.0,0.0,0.0,0.0,1.6608299005140862e-29,0.0
S_001_3-S_003_2-S_005_1,3.658160086470833e-29,0.9999895095825195,1.3900543254123415e-30,0.0,1.6663757370999662e-31,5.245935521917822e-13,1.6766467381135186e-10,2.1025229557380953e-08,0.0,0.0,0.0,0.0,1.0499340532987844e-05,0.0,0.0,0.0,0.0,0.0,4.5992410778182434e-30,0.0
S_001_2-S_002_3-S_004_1,1.3969626925465874e-27,0.1775975227355957,4.4430719308506306e-23,0.0,3.742213161153499e-30,0.021135076880455017,0.7721020579338074,0.02916526235640049,0.0,0.0,0.0,2.397900518276287e-30,8.768306081208266e-09,0.0,0.0,0.0,6.637261252137558e-35,0.0,1.684845765438109e-28,0.0
S_002_2-S_003_2-S_004_3,1.9897510497724755e-28,0.9203765988349915,1.7642595983807914e-30,0.0,9.281839425421466e-36,5.70183331972951e-13,7.235779753145266e-10,4.897238864431941e-12,0.0,0.0,0.0,9.922478221695473e-34,0.07962335646152496,0.0,0.0,0.0,0.0,0.0,1.0808956200938183e-31,0.0
S_001_2-S_002_1-S_005_1,3.092715176637909e-24,0.6981064677238464,1.73307486940168e-26,0.0,9.117228976842112e-30,4.157133748350361e-09,1.491256824692755e-07,3.3137271771011e-07,0.0,0.0,0.0,7.223131401842729e-33,0.30189305543899536,0.0,0.0,0.0,1.8902236057464775e-37,5.922133378247012e-38,2.3418855530211857e-27,0.0
S_001_2-S_004_1-S_005_3,5.999362054732383e-29,0.9954403638839722,2.3885932361251203e-30,0.0,2.028256212845312e-37,3.0135102746520204e-11,4.626507621452447e-09,7.078735375642964e-09,0.0,0.0,0.0,7.812467630520233e-38,0.004559644497931004,0.0,0.0,0.0,0.0,0.0,5.367435334738804e-32,0.0
S_002_2-S_004_2-S_005_3,3.060629254860507e-21,0.9999903440475464,8.672783866169918e-20,0.0,1.1161819745482347e-24,7.266691419329906e-15,1.7866645052322383e-08,5.206141073799131e-12,0.0,0.0,0.0,7.652323026790878e-30,9.662422598921694e-06,0.0,0.0,0.0,1.100280362004079e-35,1.1935413890004789e-35,1.3055613468743142e-24,0.0
S_002_1-S_003_1-S_005_1,1.3021362347081267e-31,0.9999953508377075,7.109392654959637e-31,0.0,1.6489438023991647e-33,8.039623530265454e-26,6.079934472547066e-11,2.112214359002339e-23,0.0,0.0,0.0,0.0,4.605152298609028e-06,0.0,0.0,0.0,0.0,0.0,1.023533376564652e-31,0.0
S_001_1-S_004_1-S_005_2,5.642347346115917e-26,0.9988573789596558,8.035032691057019e-28,0.0,2.7930389358694626e-32,5.168478978134772e-09,1.4050996810510696e-07,3.6990937246628164e-07,0.0,0.0,0.0,6.463231265002612e-35,0.001142118126153946,0.0,0.0,0.0,0.0,0.0,5.642252513325456e-29,0.0
S_001_3-S_002_1-S_005_1,1.3642758095304472e-28,0.9999842643737793,3.9518343103345055e-29,0.0,1.7228026397741833e-30,3.053743889702698e-12,1.1245561148953698e-09,4.539115305846053e-09,0.0,0.0,0.0,0.0,1.5714347682660446e-05,0.0,0.0,0.0,0.0,0.0,3.9725106729202715e-29,0.0
S_001_1-S_002_1-S_005_3,1.097538921016177e-21,0.9994075298309326,4.777846512997789e-23,0.0,1.616155606782457e-25,4.72462424738751e-08,5.361347348298295e-07,3.12664354851222e-07,0.0,0.0,0.0,3.953668231985065e-30,0.0005914827925153077,0.0,1.1165420607397739e-36,0.0,4.821507546352514e-33,4.4692809497041856e-33,8.01641477404769e-24,0.0
S_001_3-S_002_3-S_005_1,8.136546532495725e-28,0.9998948574066162,2.9252340849952813e-28,0.0,4.307999845142129e-30,6.39798838908412e-11,2.4158033795629308e-08,8.182566624270748e-09,0.0,0.0,0.0,1.474848136562141e-38,0.0001051257859217003,0.0,0.0,0.0,0.0,0.0,1.838690132731355e-28,0.0
S_001_3-S_003_1-S_005_3,1.914115003647347e-30,0.9999176263809204,3.768483485063868e-31,0.0,2.9341112251401946e-33,3.2079050787253705e-12,1.138218075347197e-09,2.5666682113012484e-09,0.0,0.0,0.0,0.0,8.233714470406994e-05,0.0,0.0,0.0,0.0,0.0,9.074633598976507e-32,0.0
S_001_3-S_003_3-S_004_1,8.165852682447523e-38,0.9956199526786804,0.0,0.0,0.0,2.539362593627619e-14,6.969010329753444e-13,7.343304436746578e-11,0.0,0.0,0.0,0.0,0.004380040802061558,0.0,0.0,0.0,0.0,0.0,0.0,0.0
S_002_3-S_004_2-S_005_1,9.765395442227152e-34,0.9998859167098999,7.955085533506182e-29,0.0,4.570035265311004e-36,3.052727935681392e-23,3.062530914629824e-12,1.895801836537073e-21,0.0,0.0,0.0,0.0,0.00011411237937863916,0.0,0.0,0.0,0.0,0.0,5.652035814852724e-34,0.0
S_001_1-S_002_3-S_003_3,6.826935007998176e-18,0.9670412540435791,1.9635805635652704e-20,5.180071852828105e-38,7.530231909550928e-24,8.937438906286843e-06,0.0006074094562791288,5.6300166761502624e-05,3.8073791825393563e-33,4.407327346463562e-34,2.720225802319693e-38,2.4413516918169816e-25,0.032286085188388824,4.0116008466790856e-34,5.373058311965963e-32,5.787377114577491e-35,4.545902316353072e-31,6.130937723507493e-32,1.1675425387196854e-23,1.6449389252883368e-34
S_001_2-S_003_2-S_005_2,5.855444291484373e-28,0.9600143432617188,9.684596089475536e-31,0.0,4.6184005011090917e-35,2.531210130385375e-09,2.5315298302075462e-08,8.123362249534694e-08,0.0,0.0,0.0,1.2132810701672322e-36,0.03998560458421707,0.0,0.0,0.0,0.0,0.0,5.458282475246624e-31,0.0
S_001_2-S_002_1-S_003_1,5.954685728181697e-26,0.9999853372573853,1.912140807904915e-32,0.0,1.3136140626336646e-37,7.975738667599652e-13,3.1108338127694424e-10,7.34812072300528e-11,0.0,0.0,0.0,7.682746386936381e-34,1.4689812815049663e-05,0.0,0.0,0.0,0.0,0.0,4.995755775952305e-32,0.0
S_001_1-S_004_2-S_005_3,8.382035631969072e-25,0.9989068508148193,2.0430083042273048e-26,0.0,9.757001839508785e-31,4.990521773606815e-09,3.265882924097241e-07,8.415557317675848e-08,0.0,0.0,0.0,5.294271905128053e-33,0.0010927808471024036,0.0,0.0,0.0,4.413138624913959e-37,1.1012442535605556e-37,1.9795539970147985e-27,0.0
S_001_1-S_004_2-S_005_1,1.7153731080224325e-24,0.9975087642669678,2.191309408917472e-25,0.0,1.9109547858266868e-29,1.8336484552960997e-09,3.637660199728998e-07,1.1989844672655181e-08,0.0,0.0,0.0,5.885944717392165e-32,0.002490895800292492,0.0,0.0,0.0,7.588887926989585e-36,5.4487915501588856e-36,4.5104283976953804e-26,0.0
S_001_1-S_002_3-S_004_3,4.266973320975381e-35,0.9914826154708862,1.1091729796379088e-35,0.0,0.0,5.0908865474987366e-14,9.039196946503125e-09,2.6083590582565153e-12,0.0,0.0,0.0,0.0,0.008517355658113956,0.0,0.0,0.0,0.0,0.0,2.528624861994096e-38,0.0
S_002_1-S_003_2-S_004_2,3.794791474751973e-33,0.9355306029319763,1.4086579811270993e-30,0.0,3.228769346449655e-38,3.3597147745547664e-19,0.06446867436170578,1.2973791894857305e-16,0.0,0.0,0.0,1.745382117435458e-38,8.104722724056046e-07,0.0,0.0,0.0,0.0,0.0,3.445427034656341e-35,0.0
S_001_2-S_003_3-S_005_3,1.2308387162985498e-26,0.9886878132820129,1.3392558128816696e-28,0.0,1.93887140250582e-34,7.546135383229569e-10,8.653412209014277e-08,5.695823901419317e-08,0.0,0.0,0.0,2.496377493415248e-35,0.011312068440020084,0.0,0.0,0.0,0.0,0.0,1.2859747390368633e-30,0.0
S_001_3-S_002_2-S_005_3,3.977963161148764e-29,0.9999901056289673,1.0679411316203554e-30,0.0,1.2162712947631526e-32,4.9365941889867315e-11,3.2205638156312943e-09,9.352812213592188e-08,0.0,0.0,0.0,0.0,9.751177458383609e-06,0.0,0.0,0.0,0.0,0.0,1.3119574900092469e-30,0.0
S_002_3-S_003_3-S_004_2,0.0,0.0002572611265350133,8.535630460122115e-37,0.0,0.0,4.197304162647067e-19,0.9997406601905823,4.020499125040925e-17,0.0,0.0,0.0,0.0,2.0291938653826946e-06,0.0,0.0,0.0,0.0,0.0,0.0,0.0
S_001_1-S_003_2-S_005_3,5.193872821749625e-22,0.9997819066047668,2.408380116295718e-24,0.0,8.42853657877128e-27,3.9969037857190415e-08,1.5534182296050858e-07,1.3697558642888907e-06,0.0,0.0,0.0,1.3371307015321062e-31,0.0002165024052374065,0.0,2.204304281645214e-38,0.0,1.9981994289112862e-34,3.31565515599326e-34,9.800097911651152e-25,0.0
S_002_3-S_004_2-S_005_2,1.617149995614326e-37,0.9999979734420776,4.218081021175828e-34,0.0,0.0,1.956905430647354e-25,3.042341430322358e-14,2.2218719507511798e-21,0.0,0.0,0.0,0.0,2.0785546439583413e-06,0.0,0.0,0.0,0.0,0.0,4.242148598972976e-38,0.0
S_002_3-S_003_2-S_005_3,2.1981302374500867e-30,0.9999942779541016,7.287710483617794e-29,0.0,2.2695860407092978e-37,6.3453351945337366e-21,5.164494266268749e-12,1.4921688913675765e-18,0.0,0.0,0.0,1.5000869232030952e-38,5.78115259486367e-06,0.0,0.0,0.0,0.0,0.0,5.370734391776811e-35,0.0
S_001_2-S_002_2-S_003_3,2.715838456890381e-24,0.9982333183288574,1.6874183592978077e-21,0.0,1.47168460279446e-30,5.469339612318436e-07,0.0017015445046126842,6.42520681140013e-05,0.0,0.0,0.0,2.2332638828052036e-31,3.2235914204648e-07,0.0,0.0,0.0,6.007913583480963e-37,0.0,1.3732655690283607e-27,0.0
S_001_1-S_002_2-S_003_2,1.9074037925471533e-25,0.996747612953186,1.0774991232066654e-29,0.0,1.8195383016830123e-31,2.5374452972820594e-12,4.24592527803469e-10,1.1922047349344211e-07,0.0,0.0,0.0,1.2520973515198857e-36,0.003252260386943817,0.0,0.0,0.0,0.0,0.0,2.8993226235234954e-28,0.0
S_001_3-S_002_2-S_003_1,8.639859781179554e-26,0.9991505146026611,1.2357752358578788e-28,0.0,2.8142062624787592e-30,8.623959879550114e-10,4.380311935392456e-08,1.4868695643599494e-06,0.0,0.0,0.0,5.911538777129577e-37,0.0008479862008243799,0.0,0.0,0.0,0.0,0.0,4.9603300719727605e-29,0.0
S_003_2-S_004_3-S_005_2,3.3568278907415705e-13,0.9999606609344482,1.28260059907917e-13,4.971935003593909e-28,1.262945711993067e-15,7.101341736870381e-08,1.3651783774548676e-05,2.4500646759406663e-05,4.2220851700274476e-23,6.819498407876421e-25,2.402239228579025e-25,3.3933497477187624e-19,1.0607566309772665e-06,5.846442543919965e-23,5.470374248828107e-23,1.8599580985292816e-24,2.418114209899885e-20,2.0695349329915288e-23,4.52184568424768e-17,8.970359812043398e-24
S_002_1-S_004_2-S_005_1,7.306311468609386e-31,0.9999961853027344,8.835887475469979e-30,0.0,3.3543976590041876e-33,5.665770598544192e-24,1.5508849413037318e-11,4.456444435858673e-21,0.0,0.0,0.0,0.0,3.8114060316729592e-06,0.0,0.0,0.0,0.0,0.0,8.084661056325571e-32,0.0
S_001_2-S_003_3-S_004_2,1.9222157348869427e-31,0.35189998149871826,2.831403719884478e-25,0.0,3.6128072709116723e-34,0.0002145954204024747,0.647460401058197,0.0004251523350831121,0.0,0.0,0.0,1.5731852118695837e-34,2.6402434016858933e-08,0.0,0.0,0.0,0.0,0.0,2.218237068320902e-31,0.0
S_001_1-S_003_1-S_004_2,3.3561825767637997e-28,0.9975190162658691,5.608237630025055e-34,0.0,0.0,4.119872845653738e-11,3.771364553983858e-09,3.071916054864232e-09,0.0,0.0,0.0,7.657327971768921e-37,0.002480973256751895,0.0,0.0,0.0,0.0,0.0,1.5100767772647737e-33,0.0
S_001_3-S_004_3-S_005_1,2.6500135406943203e-31,0.9999444484710693,2.3123253700148853e-32,0.0,1.3016757485715164e-34,1.1093374482906704e-12,8.067636558806157e-10,3.0284537100300213e-09,0.0,0.0,0.0,0.0,5.5574768339283764e-05,0.0,0.0,0.0,0.0,0.0,6.217585763095306e-32,0.0
S_002_2-S_004_2-S_005_1,1.1254212286438754e-20,0.9999881982803345,3.8210040889626325e-18,0.0,8.089049394331404e-22,4.452259280652779e-15,2.9418833946692757e-07,7.473138319107064e-13,9.401047953043905e-38,0.0,0.0,2.9743785208686965e-28,1.1575923053896986e-05,4.5946966833534935e-36,9.4766295080545e-37,0.0,2.21066847161898e-33,1.3544510597784956e-33,7.505985007451512e-23,7.131180980018479e-38
S_001_3-S_002_2-S_004_3,0.0,0.999498724937439,0.0,0.0,0.0,1.545657823953661e-08,8.776913773544948e-08,7.494673326391421e-08,0.0,0.0,0.0,0.0,0.0005011984030716121,0.0,0.0,0.0,0.0,0.0,0.0,0.0
S_001_2-S_002_1-S_004_2,3.4606300909902943e-29,0.5165650844573975,4.8340362864157764e-24,0.0,4.575011318061354e-31,2.787546873150859e-05,0.4833779036998749,2.9005146643612534e-05,0.0,0.0,0.0,1.0088454571016925e-31,1.8931712020275882e-07,0.0,0.0,0.0,7.335184476740183e-37,0.0,1.8991209995613655e-29,0.0
S_002_3-S_003_3-S_004_3,0.0,0.9995909333229065,0.0,0.0,0.0,1.5968758770737347e-26,3.565877300248319e-24,2.4078281108772897e-24,0.0,0.0,0.0,0.0,0.00040912264375947416,0.0,0.0,0.0,0.0,0.0,0.0,0.0
S_001_1-S_003_2-S_004_2,9.520790744801444e-29,0.884338915348053,1.0963322119088166e-31,0.0,1.5880522235792124e-36,7.533790258307249e-11,1.6974565753002935e-08,4.717423673916699e-10,0.0,0.0,0.0,9.283514705761536e-36,0.11566111445426941,0.0,0.0,0.0,0.0,0.0,1.2646560675298983e-31,0.0
S_002_2-S_003_3-S_005_1,3.218834817153376e-21,0.9999971389770508,5.657626393636199e-19,0.0,5.1962023974225026e-21,1.6591575491698828e-16,9.616464922146406e-07,1.644151428773031e-14,8.351666383429723e-36,0.0,0.0,1.589401371848517e-29,1.8807268133969046e-06,2.0004975261068623e-35,1.1728687883364268e-35,0.0,3.418864340597174e-33,8.752280023936617e-34,1.19300671630473e-22,6.554019549518476e-37
S_003_2-S_004_2-S_005_2,4.923779483093083e-13,0.9999667406082153,1.8073768799945975e-14,8.881390308837767e-28,1.692867619993741e-18,2.9833318038186007e-09,3.0271212381194346e-07,4.117367495837243e-07,6.41627274781838e-24,1.9550960348720417e-27,7.491012250400418e-29,5.267657263726902e-19,3.249253495596349e-05,5.094250240434819e-25,7.462018342867465e-26,1.4777889167464157e-28,9.931735446449744e-23,1.2316272320771248e-24,6.6083616301177766e-18,8.181340542995663e-25
S_001_2-S_002_1-S_003_3,6.420045080667147e-24,0.9638954997062683,1.5580057151745262e-22,0.0,1.7219927410935854e-28,0.0006063419277779758,0.029614197090268135,0.005854405928403139,4.8240414713625056e-33,1.1453283274893845e-35,0.0,2.401777744949471e-25,2.954650335595943e-05,0.0,4.602755965606171e-36,0.0,1.7601794104693132e-30,7.179486002582074e-36,5.302255235030749e-26,7.82384617405055e-37
S_002_2-S_003_1-S_005_1,1.2685318554738062e-21,0.9999978542327881,3.888515959770402e-20,0.0,1.1382807973586814e-21,4.080689418621714e-17,3.9226065950970224e-07,1.0857653717896622e-14,3.6926543605110515e-36,0.0,0.0,1.5330967535006273e-30,1.8303792330698343e-06,5.677385166857214e-36,2.989307460649002e-36,0.0,6.6103034014178605e-34,2.4338362577935836e-34,6.95368203068966e-23,1.6334681722833271e-37
S_001_3-S_002_3-S_003_3,2.817396385176631e-26,0.978687584400177,1.078365340291809e-29,0.0,4.40911797333475e-32,2.3090501954925458e-08,6.612900051550241e-06,6.2540934777644e-06,0.0,0.0,0.0,4.1567404665072725e-37,0.021299557760357857,0.0,0.0,0.0,0.0,0.0,2.951147404688537e-30,0.0
S_002_2-S_003_1-S_005_3,7.442770112128169e-23,0.9999992847442627,5.024100362397456e-21,0.0,1.2186100805078918e-23,4.2416815960094395e-17,1.1157354151691834e-07,2.3285664168355355e-14,0.0,0.0,0.0,3.147691018173919e-33,5.843783696946048e-07,0.0,0.0,0.0,1.0186109162619697e-37,2.7292525186113646e-37,2.741812540359495e-25,0.0
S_001_2-S_002_1-S_003_2,5.1898652315719866e-33,0.971187174320221,3.124906337416548e-37,0.0,0.0,2.146457588958752e-18,3.5293996051470947e-14,9.415587748492701e-15,0.0,0.0,0.0,0.0,0.028812779113650322,0.0,0.0,0.0,0.0,0.0,4.553882979959404e-36,0.0
S_001_2-S_002_3-S_005_3,1.7559214213674076e-25,0.9375470876693726,1.4982839409908555e-27,0.0,6.131785842681612e-32,1.1133516331085502e-08,3.9924859152051795e-07,8.695941460246104e-07,0.0,0.0,0.0,1.519546968422956e-34,0.062451690435409546,0.0,0.0,0.0,0.0,0.0,1.3318071885437858e-29,0.0
S_003_1-S_004_2-S_005_1,9.119986065928124e-28,0.9967314004898071,1.3754599697551357e-25,0.0,3.153007921357505e-29,7.439118299555236e-20,9.316537992465346e-12,9.998453837186729e-18,0.0,0.0,0.0,5.562054646339475e-31,0.003268650034442544,0.0,0.0,0.0,0.0,2.029291380046878e-37,1.0834513806260767e-26,0.0
S_002_2-S_004_1-S_005_3,3.766106476927052e-21,0.9999872446060181,5.578506454954402e-21,0.0,1.0765625603265969e-26,5.595827345433377e-16,2.2829343970798277e-10,2.4559464704976275e-12,0.0,0.0,0.0,1.0272655288107162e-29,1.2807477105525322e-05,0.0,0.0,0.0,4.2158259359958356e-37,2.183483267779247e-36,3.596681135305842e-25,0.0
S_002_1-S_004_1-S_005_1,3.948069418219782e-29,0.9999772310256958,1.7308882503948454e-28,0.0,4.8968262448554985e-33,5.345436604360866e-22,5.4674281595168406e-12,9.55210490390643e-19,0.0,0.0,0.0,7.504904365753102e-37,2.2722699213773012e-05,0.0,0.0,0.0,0.0,0.0,3.9226650856996417e-31,0.0
S_003_3-S_004_3-S_005_2,8.464894130187027e-26,0.994309663772583,5.141643616950937e-27,0.0,2.426867181724617e-29,4.216315881502841e-14,8.081716407204453e-10,5.553573573235937e-11,0.0,0.0,0.0,1.401185410558696e-30,0.005690308287739754,0.0,0.0,0.0,6.783767567102103e-36,6.633197531432567e-36,9.979106474782937e-26,0.0
S_001_2-S_003_2-S_005_3,1.7109738218062654e-26,0.9627706408500671,4.3487654626071767e-29,0.0,2.9246108430626505e-33,3.873507292695422e-09,1.1109825237554105e-07,1.992019775798326e-07,0.0,0.0,0.0,7.704080920637585e-35,0.037228986620903015,0.0,0.0,0.0,0.0,0.0,6.474819991221905e-30,0.0
S_002_1-S_003_1-S_005_3,1.7047109074411048e-33,0.9999994039535522,5.0584743505088254e-33,0.0,3.802704853360129e-36,1.4560103102682203e-25,3.383695016886956e-12,1.2006657352790846e-22,0.0,0.0,0.0,0.0,5.674943963640544e-07,0.0,0.0,0.0,0.0,0.0,1.160521721117429e-34,0.0
S_003_1-S_004_2-S_005_3,1.3759954041641738e-23,0.9943152070045471,2.8926156283441353e-25,0.0,6.546356853446846e-29,1.6138396983050017e-16,1.3143461742148171e-13,1.5841204216437976e-12,0.0,0.0,0.0,2.6104340346450715e-30,0.0056848288513720036,0.0,0.0,0.0,1.726938647437554e-38,2.1593294560924748e-35,2.886046882193973e-25,0.0
S_001_1-S_003_3-S_005_3,7.54828183592329e-23,0.9988790154457092,7.720091007914995e-24,0.0,1.2197291820073465e-27,3.0387898419803605e-08,1.0537643220231985e-06,1.6749311271269107e-07,0.0,0.0,0.0,7.412569104957616e-31,0.00111968454439193,0.0,2.634517623826808e-38,0.0,2.7582614487722556e-34,6.1194904289114e-35,3.3762349414179616e-25,0.0
S_001_1-S_002_3-S_005_2,1.6278185168913926e-22,0.9978476762771606,5.280762379471737e-23,0.0,9.379336144840984e-26,1.595414289567998e-07,1.6385973822252708e-06,9.57579231908312e-07,0.0,0.0,0.0,7.644169703934027e-31,0.002149622654542327,0.0,5.673346288371399e-38,0.0,3.392191547257551e-34,1.9908675124867726e-34,1.3439847894153666e-24,0.0
S_001_1-S_002_3-S_004_1,1.5402097980693409e-24,0.9969227910041809,2.3289578370163382e-23,0.0,2.9547386095195646e-27,6.728592416038737e-05,0.0028638439252972603,0.00013733372907154262,0.0,0.0,0.0,4.031345180806046e-31,8.689606147527229e-06,0.0,3.7865789012092704e-38,0.0,1.3990250479188334e-34,2.2964757250970424e-37,1.2723736825910695e-28,0.0
S_001_3-S_003_2-S_005_3,1.3410900204124554e-29,0.9999909400939941,1.385899258510716e-31,0.0,4.841985025285823e-33,7.07752649889426e-12,4.331099368037883e-10,9.113606580513078e-08,0.0,0.0,0.0,0.0,8.926404007070232e-06,0.0,0.0,0.0,0.0,0.0,3.3595057256246477e-31,0.0
S_003_3-S_004_2-S_005_2,3.78760866687994e-23,0.9998908042907715,5.918831701520261e-29,0.0,1.618630142325216e-30,1.0868928912270703e-13,7.909889648653745e-13,3.12600523244555e-09,0.0,0.0,0.0,3.234378113561538e-31,0.00010920971544692293,0.0,0.0,0.0,0.0,1.160970082816152e-36,1.222759902405032e-26,0.0
S_003_1-S_004_1-S_005_2,9.69876182931358e-20,0.999997615814209,4.9748563889486515e-26,2.3888353293014665e-36,3.029802114288046e-26,4.418912881009457e-13,8.211327126063372e-14,1.2296137441580868e-09,0.0,0.0,0.0,4.875596135915771e-28,2.402021436864743e-06,0.0,0.0,0.0,1.0401754646983012e-35,1.4064451365215633e-31,2.6305346279168997e-23,0.0
S_001_3-S_002_1-S_004_2,2.394142775261066e-36,0.9958245754241943,0.0,0.0,0.0,3.2860101306653178e-09,9.354229746350029e-08,6.294308008136795e-08,0.0,0.0,0.0,0.0,0.004175318405032158,0.0,0.0,0.0,0.0,0.0,0.0,0.0
S_001_1-S_002_3-S_005_1,1.488043638255198e-19,0.9940966367721558,2.1713342445500658e-20,3.760221878393785e-37,1.9051879434011076e-22,3.822796372787707e-07,7.621678832947509e-06,8.292096254081116e-07,6.485470091355046e-36,5.1377935122791033e-36,0.0,6.90857340736143e-27,0.005894451402127743,4.3809150559882284e-35,9.474299327267383e-33,5.949515534967059e-37,8.760067525604653e-30,5.7746105441206996e-30,2.1049777592655123e-21,1.120575378873283e-36
S_001_3-S_004_3-S_005_2,2.631549228079909e-32,0.9999910593032837,6.329797158944305e-35,0.0,1.3917121254784324e-37,4.328256850150147e-11,1.2637829671646728e-09,3.140257121003742e-08,0.0,0.0,0.0,0.0,8.96688288776204e-06,0.0,0.0,0.0,0.0,0.0,1.748353270390668e-34,0.0
S_001_2-S_002_1-S_004_1,6.41276066034595e-30,0.5806254148483276,1.1155991049468895e-24,0.0,4.633192469730021e-32,6.483437027782202e-05,0.4192134737968445,9.618776675779372e-05,0.0,0.0,0.0,4.810171005364787e-33,1.0533199912288183e-07,0.0,0.0,0.0,1.5746528170867473e-38,0.0,7.224401141453128e-31,0.0
S_001_1-S_004_3-S_005_1,1.0406586008498644e-24,0.9986720085144043,2.3841250100428877e-26,0.0,6.200637908723116e-30,1.2632430657077975e-09,1.44576105753913e-07,5.583290629829207e-08,0.0,0.0,0.0,3.592278410018263e-33,0.0013278115075081587,0.0,0.0,0.0,6.868877637779251e-37,8.819948313339764e-37,2.039787224913916e-26,0.0
S_002_3-S_003_2-S_004_2,0.0,1.8571442994552712e-10,2.1678836455736662e-35,0.0,0.0,1.523886519842269e-16,0.9999998807907104,9.45665592918209e-16,0.0,0.0,0.0,9.466664101157933e-36,9.985362936504316e-08,0.0,0.0,0.0,0.0,0.0,0.0,0.0
S_001_2-S_003_2-S_004_3,0.0,0.9996960163116455,0.0,0.0,0.0,1.3305237210606893e-16,7.158343199881873e-14,1.5477217887499887e-15,0.0,0.0,0.0,0.0,0.0003040057490579784,0.0,0.0,0.0,0.0,0.0,0.0,0.0
S_001_3-S_002_3-S_004_2,3.951447864881491e-36,0.9968850016593933,0.0,0.0,0.0,4.076549231513127e-08,1.6319163478328846e-06,1.3953942925581941e-06,0.0,0.0,0.0,0.0,0.003111877478659153,0.0,0.0,0.0,0.0,0.0,0.0,0.0
S_001_1-S_002_1-S_005_1,6.793843589431855e-21,0.9982777833938599,5.3711729074037755e-22,0.0,5.137927595212256e-24,2.6420019949568996e-08,5.383428742788965e-07,1.0786035886667378e-07,3.7748399437139286e-38,1.4258649079625883e-38,0.0,6.643377981807784e-29,0.0017214813269674778,7.692089141994348e-37,8.150797472542603e-35,0.0,1.612009946220481e-31,3.3395030435533154e-31,2.631979000679923e-22,0.0
S_001_3-S_002_2-S_003_3,6.306783316168199e-26,0.9997010827064514,5.908461170622843e-29,0.0,1.5209170098439042e-31,7.072760599413641e-09,2.0180891624477226e-07,3.5055122680205386e-06,0.0,0.0,0.0,2.84371550974801e-37,0.0002951444766949862,0.0,0.0,0.0,0.0,0.0,1.2113984245788881e-29,0.0
S_001_1-S_003_2-S_005_2,2.982231538658497e-23,0.999948263168335,1.0340127589536564e-26,0.0,1.5460010220342367e-28,6.532030738526373e-08,7.678256253029758e-08,5.833254363096785e-06,0.0,0.0,0.0,3.1112977589902094e-34,4.57981695944909e-05,0.0,0.0,0.0,3.105755183668191e-37,2.8086765461150152e-36,4.340339509470833e-26,0.0
S_001_1-S_004_2-S_005_2,2.2128019242802185e-25,0.998992383480072,1.608116836824343e-27,0.0,1.3847583236938079e-31,7.3389836430237665e-09,1.1035675129278388e-07,2.541982837556134e-07,0.0,0.0,0.0,1.2617057264011931e-34,0.0010072293225675821,0.0,0.0,0.0,0.0,0.0,1.4047601810383037e-28,0.0
S_001_1-S_003_2-S_005_1,1.9275844744285756e-21,0.9992617964744568,2.6308261909074694e-23,0.0,2.494340957934874e-25,1.2454525410987571e-08,1.6436095506833226e-07,4.099158559256466e-07,0.0,0.0,0.0,1.3908878919663966e-30,0.0007376548019237816,0.0,8.959279083335949e-37,0.0,3.420497543060848e-33,1.0836285122163657e-32,1.951145054918675e-23,0.0
S_002_1-S_003_3-S_005_3,6.988255140920958e-33,0.9999995231628418,2.8591601992296286e-32,0.0,9.752273929138914e-36,4.303369851296441e-25,2.396362622225645e-12,4.460385660671804e-22,0.0,0.0,0.0,0.0,4.556833630431356e-07,0.0,0.0,0.0,0.0,0.0,1.3534481243249542e-34,0.0
S_001_1-S_003_3-S_004_2,2.4306775137489657e-29,0.9999973773956299,7.210164118113257e-30,0.0,2.147634650709147e-38,5.665496072282394e-09,1.442504412807466e-06,3.0581051646549895e-07,0.0,0.0,0.0,1.629006550076794e-36,8.650928862152796e-07,0.0,0.0,0.0,0.0,0.0,4.997052566626453e-33,0.0
S_002_3-S_004_1-S_005_3,2.679909928926402e-34,0.9995716214179993,1.8612928014197006e-31,0.0,0.0,4.7359662030839675e-23,4.1336864622454686e-14,3.403743611388789e-21,0.0,0.0,0.0,0.0,0.0004283790767658502,0.0,0.0,0.0,0.0,0.0,2.501410939562482e-35,0.0
S_003_2-S_004_2-S_005_3,1.9222807789986973e-09,0.9996035695075989,9.182703902821387e-11,8.57060454832265e-23,6.387382281620481e-15,3.219776658625051e-07,5.27368210896384e-05,3.0109590625215787e-06,9.76160059494952e-18,5.372669748883327e-21,2.4407385690054907e-21,1.0246839624906707e-14,0.00034033655538223684,3.303287666792484e-18,1.4871592012346198e-19,1.224391046334501e-20,4.1238402878922776e-18,8.778785122964027e-20,2.0043940330205165e-14,4.167614685908584e-18
S_002_1-S_004_1-S_005_3,8.233055002379591e-29,0.9999222755432129,2.9054172890178196e-29,0.0,6.999019064631266e-35,2.4791149026665495e-20,1.1791648386882958e-12,2.0611591212389777e-16,0.0,0.0,0.0,3.7564334399695135e-37,7.766471389913931e-05,0.0,0.0,0.0,0.0,0.0,6.116014234976629e-32,0.0
S_001_1-S_002_2-S_005_2,3.1224357873434276e-23,0.9999608993530273,3.0360322665465454e-25,0.0,9.492623658252916e-28,3.660998260102133e-08,1.889149530143186e-07,3.2078824006021023e-06,0.0,0.0,0.0,1.1215130788386356e-33,3.568034662748687e-05,0.0,0.0,0.0,1.4318708059183582e-36,3.4056537269886474e-36,8.511835668130752e-26,0.0
S_001_3-S_002_1-S_003_3,1.786461339311303e-26,0.9979043006896973,1.0546369805972968e-29,0.0,5.549320751135888e-32,8.04685029720531e-09,4.097472015018866e-07,2.012926643146784e-06,0.0,0.0,0.0,1.1180946994382458e-37,0.0020933791529387236,0.0,0.0,0.0,0.0,0.0,3.5921933747569245e-30,0.0
S_002_3-S_003_2-S_005_1,4.0777203137369467e-29,0.9998941421508789,8.112308126366629e-27,0.0,6.279477505945717e-34,7.115546569674659e-21,6.76535563681746e-11,2.854868920824425e-18,0.0,0.0,0.0,2.6663276594863673e-38,0.0001058193520293571,0.0,0.0,0.0,0.0,0.0,9.175924771692512e-32,0.0
S_002_2-S_003_1-S_004_2,4.327968210650656e-24,0.9999996423721313,1.5582435712820733e-26,0.0,2.0305665740256818e-33,1.721365088772249e-14,5.723566331994334e-08,2.395589423446337e-13,2.390637385674123e-35,0.0,0.0,2.150957941020253e-25,4.120056189549359e-07,0.0,0.0,0.0,2.598371946952606e-34,2.1330106943302593e-36,2.5824503327384357e-28,2.138166441323305e-37
S_002_2-S_003_3-S_004_3,4.106675560784142e-31,0.8321194648742676,3.6389314849149957e-34,0.0,0.0,3.261247039340089e-18,2.319049366398423e-15,4.355339653245574e-15,0.0,0.0,0.0,1.6736649231999317e-38,0.16788055002689362,0.0,0.0,0.0,0.0,0.0,4.543694150215052e-33,0.0
S_001_2-S_002_2-S_005_1,3.0238133041627377e-24,0.8859894871711731,8.98733082321645e-26,0.0,6.382933572648637e-30,2.3351691691431142e-09,2.7500880150910234e-07,6.880804903630633e-07,0.0,0.0,0.0,3.749079805526356e-33,0.11400958150625229,0.0,0.0,0.0,6.734547933846425e-38,2.786104206243917e-38,1.970047991995292e-27,0.0
S_001_1-S_002_1-S_003_1,9.832361191763697e-20,0.9776877760887146,1.866692591455379e-21,4.0659821204528385e-38,5.65877001021299e-23,5.157018634349697e-08,3.7903278098383453e-06,8.189201139430224e-08,2.6524889403201426e-35,1.0869112661579167e-35,0.0,1.210241357766515e-26,0.022308215498924255,9.609359243031922e-35,6.346901015008502e-33,6.212625397340026e-36,5.528381529205368e-30,9.316429378007034e-31,4.531903159250417e-22,3.646534287354583e-36
S_002_1-S_003_3-S_004_2,6.305708460346225e-32,0.9999874830245972,2.0516981420968263e-32,0.0,0.0,5.2920421552741744e-17,1.069650412688361e-08,3.518669052958098e-14,0.0,0.0,0.0,3.223176596122719e-37,1.2543003322207369e-05,0.0,0.0,0.0,0.0,0.0,1.4077268055629137e-35,0.0
S_001_2-S_003_3-S_005_2,2.4049152215699037e-28,0.9708389639854431,2.0558777415655536e-30,0.0,7.358371504590448e-36,3.14700848713656e-10,1.2610546384905774e-08,5.8149527859541195e-08,0.0,0.0,0.0,1.7908719930413566e-37,0.029160868376493454,0.0,0.0,0.0,0.0,0.0,1.318406252017858e-31,0.0
S_001_1-S_003_2-S_004_3,1.155220158943274e-32,0.9237039089202881,2.7577042584232614e-36,0.0,0.0,1.5849728474126579e-10,2.2381914099867117e-09,1.1125252941113217e-09,0.0,0.0,0.0,0.0,0.07629603892564774,0.0,0.0,0.0,0.0,0.0,9.641249693044636e-35,0.0
S_001_2-S_002_2-S_005_2,9.470694056941151e-28,0.9695715308189392,1.7553133152467397e-29,0.0,3.3283612856529394e-34,3.4559113903931404e-10,1.2290848339091553e-08,1.256558306295119e-07,0.0,0.0,0.0,7.411085864112275e-38,0.030428361147642136,0.0,0.0,0.0,0.0,0.0,6.81200998151799e-31,0.0
S_001_3-S_004_2-S_005_3,3.8719114714107983e-32,0.9995396137237549,1.1018311157072457e-32,0.0,4.624137851985081e-36,2.089709481845059e-12,2.114054709068114e-09,5.122994806150416e-10,0.0,0.0,0.0,0.0,0.0004604270216077566,0.0,0.0,0.0,0.0,0.0,3.1116297902265686e-33,0.0
S_002_2-S_003_1-S_005_2,1.509219409733685e-26,1.0,1.8824224165715504e-25,0.0,1.8867482478196386e-27,1.9156201469733057e-19,5.559573912350402e-10,7.662120280426104e-16,0.0,0.0,0.0,4.193886198303472e-38,5.448575635114139e-08,0.0,0.0,0.0,0.0,0.0,7.11192845018114e-29,0.0
S_001_1-S_002_2-S_003_1,4.742147869608315e-19,0.9944198727607727,2.2422614681744717e-21,1.5021584346969373e-37,4.665805545262335e-23,1.2838081886457076e-07,5.1410324886091985e-06,1.9113563212158624e-06,1.5292652015165425e-35,2.528930737422889e-36,0.0,1.1380940961198247e-26,0.005572846159338951,9.438044716723997e-35,3.7192751462612566e-33,4.780466618982056e-36,9.584173701124336e-30,2.754166336857968e-31,1.6745901430708188e-22,2.2291188728202417e-36
S_002_2-S_003_2-S_004_1,1.3880569690758673e-25,0.9999986886978149,1.3261610011148427e-26,0.0,1.137289498723617e-33,7.499879060313423e-16,6.327026653707435e-07,2.1514026996537206e-14,1.7244454011578887e-37,0.0,0.0,2.206948738141594e-27,7.651541977793386e-07,0.0,0.0,0.0,2.0224766301967246e-35,3.406376920310504e-38,3.633699798165815e-30,3.4244606769926156e-38
S_002_1-S_003_2-S_005_1,4.706395486581574e-28,0.9999902248382568,1.3459593490908496e-27,0.0,7.11779922631943e-30,2.597193642638787e-22,6.036721122981703e-11,5.657158106011917e-18,0.0,0.0,0.0,1.7026771823975584e-37,9.757020052347798e-06,0.0,0.0,0.0,0.0,0.0,2.796883011634646e-29,0.0
S_001_2-S_002_3-S_003_3,1.0490321621435591e-24,0.26659634709358215,1.1076291714350993e-20,0.0,4.962514317270939e-28,0.005599149502813816,0.5566337704658508,0.17117056250572205,2.1389994994043067e-33,4.581545553317744e-36,0.0,1.2843641613129598e-25,1.2634474444439547e-07,0.0,1.4086921185965525e-36,0.0,2.244718134858486e-31,6.330780372725047e-36,3.03602795246347e-26,2.141003342038361e-37
S_001_3-S_003_3-S_005_2,1.0367693400991553e-32,0.9999929666519165,7.847615898123938e-34,0.0,8.822091560104591e-36,1.3025184229797926e-12,3.00184543888804e-10,5.9903020321883105e-09,0.0,0.0,0.0,0.0,7.027602805464994e-06,0.0,0.0,0.0,0.0,0.0,1.8717670906688056e-34,0.0
S_002_2-S_003_3-S_004_2,3.9604436735927947e-23,0.9999983310699463,1.9175934595560865e-24,0.0,1.3013158572006878e-31,6.469971043296385e-13,9.449218509871571e-07,3.4999490285125834e-12,4.46931621453471e-32,6.6577461281330966e-37,0.0,2.1602326378475042e-23,6.719837983837351e-07,0.0,1.697891243674442e-37,0.0,1.1766638501519206e-31,6.432810756900277e-35,4.5589550530205345e-27,1.02918444902515e-34
S_001_1-S_002_3-S_003_1,5.2672892717518926e-18,0.9749283194541931,6.315979572414124e-20,7.191367219897514e-36,1.8563326389592923e-21,7.088560778356623e-07,3.824542727670632e-05,3.8406938074331265e-07,2.5910293500598894e-32,2.047265940647051e-32,4.9891660125927525e-37,3.1291960491998548e-24,0.025032391771674156,2.2020669386436318e-32,3.213588649611313e-30,1.7008003683437052e-33,9.066189064791555e-28,6.273569339830054e-29,7.933472291331183e-21,2.8160017772023945e-33
S_001_2-S_003_2-S_005_1,5.534860117398897e-25,0.7366089820861816,1.5433834424985714e-27,0.0,5.586281584909923e-31,2.9805427015361374e-09,9.488967123161274e-08,3.2122687798619154e-07,0.0,0.0,0.0,1.7934950774037506e-33,0.26339051127433777,0.0,0.0,0.0,3.564537554343146e-38,0.0,6.757400617864664e-28,0.0
S_002_2-S_004_1-S_005_2,9.775388421516914e-24,0.9999995231628418,6.661529997682045e-25,0.0,5.071215413289217e-30,2.2470404766985156e-18,2.1242453325867605e-13,6.24282526714981e-13,0.0,0.0,0.0,1.2690048116358303e-34,4.839228040509624e-07,0.0,0.0,0.0,0.0,0.0,2.8214823129611965e-28,0.0
S_001_1-S_002_2-S_004_3,3.252004203194897e-34,0.985088050365448,4.708693950142924e-36,0.0,0.0,5.1593767452784434e-11,3.93881993687728e-09,3.3649139030700326e-10,0.0,0.0,0.0,0.0,0.014911966398358345,0.0,0.0,0.0,0.0,0.0,3.37403209310502e-37,0.0
S_001_1-S_004_3-S_005_2,9.03693846450079e-26,0.9997040629386902,1.0107949608799888e-28,0.0,4.791271774534251e-32,1.3409294119526294e-08,1.0947359641022558e-07,6.094497848607716e-07,0.0,0.0,0.0,1.3301764643252608e-35,0.00029517465736716986,0.0,0.0,0.0,0.0,0.0,1.0488896144387253e-28,0.0
S_003_3-S_004_1-S_005_3,4.330682176735144e-18,0.9999978542327881,5.088524096339046e-25,1.6889184493476773e-36,5.0340175672035253e-26,6.068427010896826e-13,1.775284455031445e-12,4.258635222242901e-09,6.4461648577318325e-37,0.0,0.0,3.491036882878644e-25,2.170083234886988e-06,1.8741241437417883e-37,3.6161636878983536e-37,0.0,4.28846787802864e-32,2.067024625355983e-30,4.569234770966989e-23,2.667612650178153e-37
S_001_2-S_003_3-S_004_1,9.728274285717345e-32,0.25170639157295227,2.6789882741652756e-26,0.0,9.352257161959861e-35,0.0022474569268524647,0.7411196827888489,0.004926381167024374,0.0,0.0,0.0,6.484350559259695e-35,2.5170164619225943e-08,0.0,0.0,0.0,0.0,0.0,8.903632084773687e-32,0.0
S_002_2-S_004_3-S_005_2,1.1940204719876987e-21,0.9999991655349731,5.321061029581477e-21,0.0,2.0227588734138153e-24,2.6890281993284526e-13,7.291740988790707e-09,7.761011389106898e-09,0.0,0.0,0.0,2.4844512739516254e-31,8.235037398662826e-07,1.2173462314070447e-38,1.9028184202918904e-38,0.0,1.9173805188724077e-34,7.539478277662144e-36,1.2615295963352061e-24,0.0
S_001_2-S_002_1-S_005_3,4.339934601959325e-26,0.9257206320762634,2.78088972826459e-28,0.0,1.951363674845596e-32,2.941516363819119e-09,8.855017341602434e-08,2.3224461642712413e-07,0.0,0.0,0.0,6.94003427339269e-35,0.0742790699005127,0.0,0.0,0.0,0.0,0.0,1.4020627055026017e-29,0.0
S_001_2-S_004_2-S_005_3,3.1537199135838206e-29,0.9991951584815979,1.6060854546923367e-31,0.0,1.6078759221177315e-38,1.8323866729508254e-11,2.9828384207064573e-09,2.6650215367851615e-09,0.0,0.0,0.0,2.2530103614344924e-37,0.0008048617164604366,0.0,0.0,0.0,0.0,0.0,3.809593520022718e-33,0.0
S_002_1-S_004_2-S_005_2,3.767331283868291e-34,0.9999986886978149,1.4672598547135527e-34,0.0,7.147378869227302e-38,8.149677046766675e-24,2.1991391048687206e-14,3.536880318151374e-19,0.0,0.0,0.0,0.0,1.3399860563367838e-06,0.0,0.0,0.0,0.0,0.0,8.424377854977626e-36,0.0
S_001_1-S_003_1-S_005_3,2.260171564218218e-22,0.9969218373298645,1.2772289933113263e-23,0.0,4.9906961612576655e-27,4.0811187318468e-08,7.073326742101926e-07,1.9244565407916525e-07,0.0,0.0,0.0,2.7597178675384832e-30,0.0030771330930292606,0.0,1.2254495200366958e-37,0.0,1.2007413980840578e-33,3.025798682478379e-34,1.0243183332743427e-24,0.0
S_002_3-S_003_3-S_005_3,7.522434901011886e-36,0.9999562501907349,4.543456700356186e-32,0.0,1.2021945516316861e-38,1.2084839266625902e-24,1.7812026810101744e-13,1.1377554033740297e-22,0.0,0.0,0.0,0.0,4.373094634502195e-05,0.0,0.0,0.0,0.0,0.0,2.3156316768913415e-36,0.0
S_002_2-S_004_3-S_005_1,3.631786110250821e-19,0.999996542930603,2.6410470751776834e-17,0.0,1.0833822943267966e-19,1.3295454689456199e-13,5.9443785005441896e-08,9.628923214322072e-10,4.007266670437909e-34,1.775297625597219e-36,2.225065106939541e-37,1.252944347607232e-27,3.3748335681593744e-06,3.029835513750095e-32,6.762179659267e-33,8.4050721682767e-35,1.2716647598156027e-29,1.4736254615171026e-31,2.4954758727921235e-21,1.788472525242248e-34
S_001_3-S_003_3-S_005_1,2.903865448395638e-30,0.9999111890792847,2.307175864279823e-30,0.0,3.534538127505872e-32,9.929870510919092e-13,1.4167153006283684e-09,6.077802705561908e-10,0.0,0.0,0.0,0.0,8.883035479811952e-05,0.0,0.0,0.0,0.0,0.0,1.8197177291407218e-30,0.0
S_002_1-S_004_2-S_005_3,5.188057247792025e-32,0.9999980926513672,1.8250541913748108e-31,0.0,7.046833215705924e-36,9.734478094972152e-24,7.360691374989903e-13,2.6358635284820742e-20,0.0,0.0,0.0,0.0,1.8726675534708193e-06,0.0,0.0,0.0,0.0,0.0,3.17897523911762e-34,0.0
S_001_2-S_003_3-S_005_1,5.409131959362838e-25,0.9306941628456116,1.1314084229108789e-26,0.0,1.0362181361043753e-31,2.521235442642933e-09,3.3769566698538256e-07,1.1464255322835015e-07,0.0,0.0,0.0,2.6792460501246758e-33,0.06930537521839142,0.0,0.0,0.0,1.37055832004277e-38,0.0,1.2917872971717359e-28,0.0
S_003_2-S_004_1-S_005_1,5.57292256786468e-09,0.9897929430007935,3.0600516565115754e-10,2.513777809300356e-20,2.2737161207097255e-14,5.3054439064226244e-08,1.6966721887001768e-05,6.728424182256276e-07,5.451970909266402e-17,2.3128871424603366e-20,3.028183499229898e-20,7.962836458459167e-15,0.010189329273998737,1.7696254685684205e-16,9.306817934938784e-19,2.0847911191965589e-19,9.592507506950817e-19,2.987785471528274e-18,2.642160307816249e-13,8.710131779100086e-17
S_001_1-S_003_1-S_004_1,7.438684733811417e-30,0.9999725818634033,3.792098840068e-37,0.0,0.0,4.1211820622777395e-09,3.64651775441871e-08,3.4759116829263803e-07,0.0,0.0,0.0,1.288204149424247e-38,2.7093079552287236e-05,0.0,0.0,0.0,0.0,0.0,9.634173768065662e-35,0.0
S_001_3-S_003_2-S_004_3,3.941748043280272e-38,0.9917341470718384,0.0,0.0,0.0,2.9427191794439977e-09,3.2956639639536434e-09,1.627991252917127e-08,0.0,0.0,0.0,0.0,0.008265846408903599,0.0,0.0,0.0,0.0,0.0,0.0,0.0
S_001_2-S_003_1-S_004_1,6.203084864783562e-32,0.8190997838973999,2.0471346861703522e-27,0.0,1.5750802086342113e-35,0.0002969363413285464,0.179849311709404,0.0007538408390246332,0.0,0.0,0.0,3.0974261794871e-36,8.682101082513327e-08,0.0,0.0,0.0,0.0,0.0,2.0801840436370967e-32,0.0
S_001_2-S_002_2-S_004_1,1.2726484887200092e-28,0.1906268298625946,3.4460968970578323e-23,0.0,2.2161738406363387e-31,0.0011718746973201632,0.8048684000968933,0.0033328128047287464,0.0,0.0,0.0,1.235666437272942e-32,4.1910963588520644e-09,0.0,0.0,0.0,3.8287680743343905e-38,0.0,3.674977141235618e-30,0.0
S_001_2-S_003_2-S_004_2,3.1202547045192387e-34,0.9999314546585083,8.083389759185157e-34,0.0,0.0,2.4160033262887737e-07,3.478756843833253e-05,4.6265331548056565e-06,0.0,0.0,0.0,5.125301822090277e-38,2.8835176635766402e-05,0.0,0.0,0.0,0.0,0.0,3.9967428535021655e-36,0.0
S_003_1-S_004_3-S_005_2,1.6602002995707914e-26,0.9797881245613098,3.3944442084487145e-27,0.0,3.7323739913184724e-30,9.406087426956297e-15,1.7694166964954405e-10,1.0734567748582613e-11,0.0,0.0,0.0,1.2565612607818308e-31,0.02021188847720623,0.0,0.0,0.0,2.1013217084372424e-37,3.052650231817612e-37,1.5437741366470898e-26,0.0
S_002_3-S_004_2-S_005_3,1.098553768580531e-34,0.9999262094497681,2.312797172305003e-30,0.0,4.203474723175461e-38,3.107853851282598e-23,1.3981627270884256e-13,1.935765605726216e-21,0.0,0.0,0.0,0.0,7.382913463516161e-05,0.0,0.0,0.0,0.0,0.0,8.590304507520331e-36,0.0
S_001_3-S_002_2-S_004_2,1.1342189789095745e-33,0.9972303509712219,6.229221219439477e-35,0.0,0.0,9.332086214897117e-09,5.953467052677297e-07,2.759803976459807e-07,0.0,0.0,0.0,0.0,0.002768815029412508,0.0,0.0,0.0,0.0,0.0,3.256214774597963e-36,0.0
S_002_1-S_003_2-S_004_3,0.0,0.9999055862426758,0.0,0.0,0.0,1.7069729226731866e-24,3.3554468457114195e-20,3.299392182078391e-22,0.0,0.0,0.0,0.0,9.442587179364637e-05,0.0,0.0,0.0,0.0,0.0,0.0,0.0
S_001_1-S_002_2-S_005_1,3.4875675420372416e-21,0.9998180270195007,1.7407879423578556e-22,0.0,1.0986248890264096e-24,1.2011803107725427e-08,6.71757618420088e-07,2.1267810268454923e-07,0.0,0.0,0.0,9.39418146442692e-30,0.00018099218141287565,7.679453017170207e-38,9.136159629922343e-36,0.0,2.245999864511264e-32,5.237947579029624e-32,7.343203244114794e-23,0.0
S_002_3-S_003_3-S_005_1,8.632012258168112e-34,0.9998706579208374,4.7709535310044405e-30,0.0,2.3998754984890066e-36,3.3023835584082073e-24,8.444024993115029e-12,3.071301318596022e-22,0.0,0.0,0.0,0.0,0.00012936942221131176,0.0,0.0,0.0,0.0,0.0,6.864264364138208e-34,0.0
S_002_2-S_003_2-S_004_2,6.002620910391259e-24,0.9999911785125732,5.866072736179188e-25,0.0,1.0270647966933923e-31,2.1348560804356972e-14,8.303790309582837e-06,2.3051368756507595e-13,2.0471691001163523e-34,8.140485817126929e-38,0.0,9.73533440348477e-25,4.214756756937277e-07,0.0,6.700013773972219e-38,0.0,5.34683009426324e-32,6.716140768689135e-36,2.4477471813093467e-28,2.1044716659554615e-35
S_001_2-S_002_2-S_005_3,6.499831754520171e-26,0.9737076163291931,1.8682086683959838e-27,0.0,1.6672850407550448e-32,1.1098510999119071e-09,7.61684617600622e-08,2.3685450400989794e-07,0.0,0.0,0.0,2.6324159967474096e-35,0.02629198506474495,0.0,0.0,0.0,0.0,0.0,2.710914012815507e-29,0.0
S_001_2-S_003_3-S_004_3,0.0,0.9926281571388245,0.0,0.0,0.0,2.919958383158089e-14,1.0676044466875756e-12,3.0322860108261684e-12,0.0,0.0,0.0,0.0,0.0073719085194170475,0.0,0.0,0.0,0.0,0.0,0.0,0.0
S_001_3-S_002_3-S_005_2,4.653762856798083e-31,0.9999911785125732,6.123719600446269e-32,0.0,5.249811953715069e-34,5.231102009894961e-11,2.908008722712907e-09,7.887291531005758e-08,0.0,0.0,0.0,0.0,8.759500815358479e-06,0.0,0.0,0.0,0.0,0.0,5.251677132642038e-33,0.0
S_001_1-S_003_3-S_004_3,1.920366733700977e-33,0.9714787006378174,8.553680081173636e-36,0.0,0.0,9.834632735191296e-15,8.171237124432462e-12,3.4342645914564596e-12,0.0,0.0,0.0,0.0,0.02852131426334381,0.0,0.0,0.0,0.0,0.0,4.767143387074111e-37,0.0
S_001_3-S_003_1-S_004_1,4.6549764514972313e-38,0.9946584105491638,0.0,0.0,0.0,8.47162225657875e-16,1.8702871011893468e-13,4.399272179184122e-12,0.0,0.0,0.0,0.0,0.005341552663594484,0.0,0.0,0.0,0.0,0.0,0.0,0.0
S_001_3-S_003_2-S_004_2,1.2624330864896385e-33,0.9779150485992432,4.0822842662674077e-38,0.0,0.0,1.5735057701249389e-09,2.044815516910603e-08,1.7469496071953472e-08,0.0,0.0,0.0,0.0,0.022084930911660194,0.0,0.0,0.0,0.0,0.0,5.802986709543983e-36,0.0
S_002_2-S_003_3-S_004_1,1.0985690376743199e-23,0.9999954700469971,1.1450959453958807e-25,0.0,7.518237789248725e-33,5.743101849121912e-13,4.887098725703254e-07,1.0177387578524932e-11,1.287416382206443e-33,6.055848080309815e-38,0.0,4.849235466691896e-25,4.084213742316933e-06,0.0,0.0,0.0,3.5457596904524095e-33,8.031215029164177e-36,9.631488985033069e-28,5.402609416296029e-36
S_001_2-S_002_2-S_003_1,4.363532821271187e-25,0.9999785423278809,4.3023168471734175e-30,0.0,2.5372445761914794e-35,3.947732765685608e-12,8.314620103533343e-10,1.7994673529031502e-09,0.0,0.0,0.0,1.7679627890909136e-33,2.1422789359348826e-05,0.0,0.0,0.0,0.0,0.0,3.070132635590634e-30,0.0
S_001_1-S_003_2-S_004_1,1.0896184887715528e-29,0.9338324069976807,2.305925758363818e-33,0.0,9.675343719644702e-38,1.0439957925933996e-10,2.0514285381523223e-08,1.9001793472028794e-09,0.0,0.0,0.0,7.624162263923036e-38,0.06616759300231934,0.0,0.0,0.0,0.0,0.0,8.788477719431259e-33,0.0
S_001_2-S_003_2-S_004_1,2.4138790269460098e-34,0.9993021488189697,1.703990182467257e-33,0.0,0.0,3.469105251951987e-07,2.1013134755776264e-05,7.52681171434233e-06,0.0,0.0,0.0,0.0,0.000669068715069443,0.0,0.0,0.0,0.0,0.0,3.9434190748833976e-36,0.0
S_001_2-S_002_2-S_004_2,2.7431800199534877e-28,0.18732112646102905,3.1924037106686966e-22,0.0,3.0858141063887956e-30,0.0001842851925175637,0.812194287776947,0.000300340965623036,0.0,0.0,0.0,1.64935528419667e-31,9.699428815679312e-09,0.0,0.0,0.0,9.45240430861876e-37,0.0,3.05735480511019e-29,0.0
S_002_2-S_003_3-S_005_3,2.024366777042491e-22,0.9999992847442627,2.3893145920924016e-20,0.0,1.8184062702963942e-23,8.054303284798643e-17,1.4521933167088719e-07,2.185642312480581e-14,0.0,0.0,0.0,4.029815921430344e-32,6.39940196833777e-07,0.0,0.0,0.0,7.64247375963157e-37,9.176200982444448e-37,4.136536123641578e-25,0.0
S_001_3-S_002_3-S_004_3,0.0,0.9965614676475525,0.0,0.0,0.0,3.3236893792754074e-10,4.0932250158220995e-06,1.5573972333982056e-08,0.0,0.0,0.0,0.0,0.0034344170708209276,0.0,0.0,0.0,0.0,0.0,0.0,0.0
S_001_1-S_002_1-S_003_3,1.350916350492542e-19,0.9777335524559021,1.2218795303067984e-22,0.0,4.6593225039191443e-26,2.865400290374964e-07,2.2233994968701154e-05,2.129994982169592e-06,3.2736771506994423e-36,2.6389250438087412e-37,0.0,2.8126737353228012e-27,0.02224179171025753,4.181492105750089e-37,4.0520415257672186e-35,1.8426239631986607e-38,1.3307451223448518e-32,7.1972809953712e-34,9.11409756593804e-25,1.0609800161099092e-37
S_001_3-S_003_2-S_005_2,6.920996645551089e-31,0.9999938011169434,2.7389939025008283e-34,0.0,4.688333231433402e-35,2.9307209437057224e-11,1.9465705436427783e-10,5.769803919974947e-06,0.0,0.0,0.0,0.0,5.070220367997536e-07,0.0,0.0,0.0,0.0,0.0,4.2416075304170786e-33,0.0
S_002_3-S_003_2-S_005_2,2.2168104296020265e-32,0.9999736547470093,6.368791247133668e-31,0.0,6.479791500847302e-35,6.1570720375115786e-21,4.4655387027026094e-11,4.92162723590158e-16,0.0,0.0,0.0,0.0,2.6297933800378814e-05,0.0,0.0,0.0,0.0,0.0,9.348463781996685e-35,0.0
S_001_1-S_002_1-S_004_3,0.0,0.999568521976471,0.0,0.0,0.0,2.8690683032195104e-18,9.451467386512036e-14,3.696051823447985e-16,0.0,0.0,0.0,0.0,0.00043143462971784174,0.0,0.0,0.0,0.0,0.0,0.0,0.0
S_001_3-S_004_1-S_005_3,5.479953360125926e-33,0.9994495511054993,2.7968797901923775e-33,0.0,5.682262133928573e-37,6.508615261330286e-13,1.3869674297950496e-09,2.3027145468201837e-10,0.0,0.0,0.0,0.0,0.0005504253203980625,0.0,0.0,0.0,0.0,0.0,7.876872850489951e-34,0.0
S_001_2-S_003_1-S_004_3,0.0,0.9700623154640198,0.0,0.0,0.0,4.5751736874667285e-17,8.241489122282151e-15,5.6201423790963774e-15,0.0,0.0,0.0,0.0,0.02993772365152836,0.0,0.0,0.0,0.0,0.0,0.0,0.0
S_002_3-S_003_1-S_005_2,0.0,0.999998927116394,4.908422298247339e-38,0.0,0.0,5.015119167771932e-28,5.880664408562501e-16,3.9563090958163503e-23,0.0,0.0,0.0,0.0,1.0226561926174327e-06,0.0,0.0,0.0,0.0,0.0,0.0,0.0
S_002_1-S_004_3-S_005_3,1.2029617746696467e-31,0.9999995231628418,1.162198945477199e-30,0.0,4.841672968269878e-34,1.5069141289059287e-23,8.273650319544357e-13,2.653544223269711e-19,0.0,0.0,0.0,0.0,5.011867187931784e-07,0.0,0.0,0.0,0.0,0.0,2.144574648705066e-33,0.0
S_002_2-S_003_3-S_005_2,4.760925323321282e-26,1.0,6.397101850099699e-25,0.0,1.655189260967089e-27,2.0761919304942166e-19,4.761563920929746e-10,6.715680075877631e-16,0.0,0.0,0.0,4.046090352440116e-37,5.0638703896765946e-08,0.0,0.0,0.0,0.0,0.0,9.053299537897501e-29,0.0
S_003_3-S_004_2-S_005_1,5.675880718791595e-23,0.9938780665397644,2.137892721789482e-21,0.0,3.256758259536746e-25,5.857123245375936e-16,3.947335514009609e-10,1.35931142643958e-13,0.0,0.0,0.0,7.71526241496604e-26,0.0061219544149935246,2.9619705266329957e-37,6.029280582464988e-38,0.0,1.8131082006472205e-33,1.7772875082314068e-32,4.694068222685869e-23,3.394579949058739e-38
S_001_2-S_002_1-S_004_3,0.0,0.9999918937683105,0.0,0.0,0.0,4.3418815366072126e-21,8.543661349951544e-17,1.0472814828320829e-18,0.0,0.0,0.0,0.0,8.075732694123872e-06,0.0,0.0,0.0,0.0,0.0,0.0,0.0
S_001_1-S_002_1-S_004_1,1.92860864210598e-29,0.9998273849487305,1.9162070074336184e-30,0.0,1.8504143979331667e-36,3.885161525829517e-09,1.308960804635717e-06,1.788488219744977e-07,0.0,0.0,0.0,6.732790974621467e-36,0.0001710546057438478,0.0,0.0,0.0,0.0,0.0,5.713161153753498e-33,0.0
S_001_2-S_002_3-S_003_2,9.426127568770685e-34,0.9923192858695984,2.35003716393536e-36,0.0,0.0,5.912510415468262e-18,1.229018080882438e-12,1.1476604409377863e-14,0.0,0.0,0.0,0.0,0.007680688519030809,0.0,0.0,0.0,0.0,0.0,3.620752906737854e-36,0.0
S_001_3-S_002_2-S_003_2,2.7126264823897396e-31,0.9999053478240967,1.180126188865386e-34,0.0,4.920055765994287e-37,1.804750793255039e-11,2.2414191336306288e-10,2.3527123005351314e-07,0.0,0.0,0.0,0.0,9.443125600228086e-05,0.0,0.0,0.0,0.0,0.0,2.694625419242018e-34,0.0
S_001_1-S_004_1-S_005_3,2.4747330805785073e-25,0.9988659620285034,2.1638995431340738e-26,0.0,4.591986396882709e-31,3.3895293238828117e-09,5.254669872556406e-07,5.461634700054674e-08,0.0,0.0,0.0,4.591526117375965e-33,0.0011334603186696768,0.0,0.0,0.0,3.2079149984958187e-37,6.327805360033347e-38,1.3438257076019602e-27,0.0
S_002_3-S_004_1-S_005_1,4.225022627558121e-32,0.9992610812187195,1.0188230794825455e-28,0.0,5.3873266982986745e-36,1.7189463402673307e-21,2.8083444857801565e-12,5.342999652728102e-20,0.0,0.0,0.0,0.0,0.000738882168661803,0.0,0.0,0.0,0.0,0.0,7.678328364887213e-33,0.0
S_003_3-S_004_1-S_005_1,4.801886423312976e-16,0.9999977350234985,1.890970271751873e-23,1.243278057068104e-31,5.479781848996366e-25,2.4634792835753587e-15,1.2804727167903956e-13,1.5426393495943103e-10,2.2480396410835283e-33,4.208171595368185e-38,0.0,1.1446591353632895e-22,2.2381746020982973e-06,6.8754099791294225e-34,5.676629819901315e-35,0.0,3.797259398692901e-30,1.5412840584885678e-28,1.2143032596859579e-21,1.904861412200654e-33
S_001_3-S_003_1-S_004_3,0.0,0.9984311461448669,0.0,0.0,0.0,2.45121001133438e-14,1.0313340459422449e-11,3.786041792575023e-12,0.0,0.0,0.0,0.0,0.0015688160201534629,0.0,0.0,0.0,0.0,0.0,0.0,0.0
S_003_2-S_004_1-S_005_3,5.000316480319178e-11,0.999685525894165,8.911518983682754e-13,1.0369654696359817e-23,2.799313527010924e-17,3.92605503662935e-09,2.1503839775505185e-07,1.6583379647272523e-07,1.995477972766765e-19,1.463466352373433e-23,4.719909412674737e-24,3.123538879501904e-17,0.0003141298075206578,6.074635088417573e-21,1.4634000880573946e-22,3.3692836963363804e-24,5.081398371791309e-21,2.18965471992066e-21,1.018314232375671e-15,3.939941067594485e-20
S_001_3-S_004_3-S_005_3,2.331907136946547e-31,0.9999347925186157,5.358143125363951e-33,0.0,8.594508133864001e-36,1.4848235488362782e-11,2.155493117328433e-09,5.918701084794975e-09,0.0,0.0,0.0,0.0,6.521969044115394e-05,0.0,0.0,0.0,0.0,0.0,9.342976037129394e-33,0.0
S_001_1-S_002_2-S_003_3,7.578341326947977e-19,0.9998713731765747,3.587894960315671e-23,0.0,5.373802916167152e-28,1.39923216124771e-07,4.151385724071588e-07,7.568467026430881e-06,8.297903157612542e-36,0.0,0.0,1.6141679161166132e-27,0.00012045185576425865,6.818925495369526e-37,2.0732792374600302e-36,0.0,1.4704026674301707e-32,5.421390507074448e-34,1.8975731558577088e-24,2.9656793713044935e-37
S_001_3-S_002_1-S_004_3,0.0,0.9995469450950623,0.0,0.0,0.0,3.1320755017327784e-11,2.912045715675049e-08,9.579120829883436e-10,0.0,0.0,0.0,0.0,0.0004530207079369575,0.0,0.0,0.0,0.0,0.0,0.0,0.0
S_003_1-S_004_1-S_005_3,3.585847476879831e-17,0.9999991655349731,8.024006771399537e-24,1.545727867886283e-33,2.181125066719649e-24,4.0114572362644207e-13,6.468014058375049e-13,1.4805539017004321e-09,3.974693366114076e-36,0.0,0.0,2.029630246328743e-24,8.199208991754858e-07,7.041627291017468e-36,2.0039842616086483e-35,0.0,5.637761184509834e-31,8.558546190777649e-29,5.948604953638135e-22,6.429403803485778e-36
S_001_2-S_002_3-S_005_1,1.4011070555878932e-23,0.6847703456878662,1.551077786849151e-25,0.0,4.293663102265489e-29,1.8870075280119636e-08,7.085104130055697e-07,9.769828466232866e-07,0.0,0.0,0.0,1.2597051498104638e-32,0.3152279853820801,0.0,0.0,0.0,2.218576086114823e-37,6.12037955615013e-38,2.4378873829590562e-27,0.0
S_002_2-S_004_3-S_005_3,5.266488354123788e-19,0.999996542930603,1.796556881126371e-17,0.0,5.008261550033556e-21,5.583331540159886e-12,1.392126023347373e-07,2.73147797713591e-08,8.341127112301891e-35,5.378450761721764e-37,0.0,1.121753273876479e-27,3.3079807053582044e-06,5.359946039824525e-33,1.4839584866509526e-33,1.3378336792963215e-35,6.611418077160339e-30,1.713175164716796e-32,4.85959976581157e-22,4.787677427346011e-35
S_001_1-S_002_3-S_005_3,1.55632642846917e-20,0.9970036149024963,1.3760587717829684e-21,0.0,4.408323160178279e-24,6.063838782210951e-07,9.20081129152095e-06,1.95748316400568e-06,4.4370226922515423e-38,5.623748730525086e-38,0.0,5.039794182219421e-28,0.0029846052639186382,1.5724132618810634e-37,1.2443245960152211e-34,0.0,2.5423166290629437e-31,7.090742379138925e-32,6.361951785884861e-23,0.0
S_002_3-S_003_1-S_004_2,0.0,0.0002891689364332706,6.605010491295387e-36,0.0,0.0,1.1425906805765147e-18,0.9997014403343201,1.1195479309321403e-16,0.0,0.0,0.0,0.0,9.412032341060694e-06,0.0,0.0,0.0,0.0,0.0,0.0,0.0
S_002_2-S_003_1-S_004_3,3.6555062528085975e-31,0.9396469593048096,2.783655662416619e-33,0.0,0.0,1.168876515889495e-19,4.218392213366446e-15,2.830473089813552e-16,0.0,0.0,0.0,0.0,0.060353055596351624,0.0,0.0,0.0,0.0,0.0,3.6099782784525254e-34,0.0
S_003_1-S_004_3-S_005_1,5.171676087021226e-28,0.9995916485786438,5.408864085618733e-27,0.0,1.2292291203475282e-28,3.8823253529907525e-21,2.1599727215160236e-11,1.4553112949153775e-17,0.0,0.0,0.0,1.2732588935490325e-32,0.00040832775994203985,0.0,0.0,0.0,0.0,4.267622243236551e-38,1.5874326573704152e-26,0.0
S_002_3-S_003_2-S_004_1,0.0,6.639812699660297e-09,8.237840303744849e-35,0.0,0.0,3.624261535415535e-14,0.999995231628418,4.35493519501326e-13,0.0,0.0,0.0,9.78043786690909e-35,4.7584453568561e-06,0.0,0.0,0.0,0.0,0.0,0.0,0.0
S_003_3-S_004_3-S_005_1,7.058575154414809e-26,0.99978107213974,1.942678841911662e-24,0.0,5.443593841045484e-26,1.688695941369483e-19,1.6282968029468492e-10,2.275167554016493e-16,0.0,0.0,0.0,1.2608903854829714e-29,0.00021899412968195975,5.236818274920017e-38,0.0,0.0,2.754743747489109e-35,6.406339749104587e-35,2.5227361541297243e-24,0.0
S_001_2-S_003_1-S_005_2,2.857915611201656e-28,0.9156941175460815,9.947275818692207e-31,0.0,1.5706098288727956e-35,5.933353808273978e-10,1.0445910803014158e-08,4.3172079244868655e-08,0.0,0.0,0.0,4.6771073823520675e-37,0.08430586010217667,0.0,0.0,0.0,0.0,0.0,2.1473629874267738e-31,0.0
S_001_3-S_002_1-S_003_2,1.8148137694818667e-33,0.999903678894043,4.049733369714954e-36,0.0,1.3949176237415447e-37,2.2478424828963062e-13,2.915281904769529e-11,1.8785486943784235e-08,0.0,0.0,0.0,0.0,9.63229758781381e-05,0.0,0.0,0.0,0.0,0.0,5.264748911069389e-36,0.0
S_001_1-S_003_1-S_004_3,1.2132289684464307e-32,0.9580394625663757,3.340054928967477e-34,0.0,0.0,3.2111154555682087e-14,3.167577311558034e-11,3.4993989043302642e-12,0.0,0.0,0.0,0.0,0.04196057468652725,0.0,0.0,0.0,0.0,0.0,1.3869925029248805e-35,0.0
S_001_3-S_002_1-S_005_3,3.1952522919079776e-29,0.9999872446060181,4.633641120658899e-30,0.0,5.060557253030086e-32,2.5832879238518736e-11,3.3008413780066803e-09,1.3891073180616331e-08,0.0,0.0,0.0,0.0,1.2769280147040263e-05,0.0,0.0,0.0,0.0,0.0,1.794144802518809e-30,0.0
S_003_2-S_004_3-S_005_1,7.4032344699048735e-09,0.9952951073646545,2.2272805821899055e-09,1.526528498981976e-21,8.271887341759765e-11,3.788862272813276e-07,0.004669995047152042,2.5843501134659164e-06,1.1490884537835623e-14,2.486565007734097e-16,2.842131174843527e-16,4.5158055897095983e-13,3.192828080500476e-05,4.350314206769514e-15,3.0877546359212764e-15,1.4530589482818446e-16,1.7730349794690264e-13,2.541069725005339e-16,1.8200095944220784e-11,2.812205077300559e-15
S_002_1-S_003_3-S_004_1,6.92348342736014e-30,0.9998986721038818,2.97264927651988e-28,0.0,2.7498361357018933e-37,6.852321715686976e-14,3.8106150896055624e-05,1.4099865372485532e-11,0.0,0.0,0.0,1.7329545469425104e-33,6.321394903352484e-05,0.0,0.0,0.0,0.0,0.0,1.166761024726403e-34,0.0
S_002_2-S_003_2-S_005_3,5.858129804240224e-19,0.9999988079071045,2.6988599689599333e-18,6.430620870438402e-38,1.5322764752766176e-19,1.3640503386102426e-14,3.381111168820894e-09,3.2434317454033135e-09,2.674762319778006e-34,4.315705827011619e-36,2.2688789791353626e-36,2.0845829374544416e-29,1.1453336128397495e-06,5.252919483234063e-33,3.309690670106539e-33,5.89345227838663e-35,6.0867624107047216e-31,1.0695393308009975e-32,4.777466850021324e-22,2.6499295998365896e-35
S_001_3-S_002_1-S_004_1,2.001792298982968e-36,0.9989247918128967,0.0,0.0,0.0,6.626527798703208e-11,1.3419660938041034e-08,1.890347078870036e-08,0.0,0.0,0.0,0.0,0.0010752303060144186,0.0,0.0,0.0,0.0,0.0,0.0,0.0
S_002_1-S_003_2-S_005_2,6.461031230897777e-33,0.9999953508377075,6.840234688213508e-34,0.0,8.451746411255297e-35,9.557210794377223e-24,1.3573186289652338e-14,1.5101178007613034e-17,0.0,0.0,0.0,0.0,4.620690560841467e-06,0.0,0.0,0.0,0.0,0.0,4.79624745845029e-34,0.0
S_002_3-S_003_1-S_004_1,0.0,7.872076821513474e-07,3.8626580786042836e-35,0.0,0.0,8.099535261649738e-21,0.9999977350234985,7.865184815914522e-19,0.0,0.0,0.0,0.0,1.3791230912829633e-06,0.0,0.0,0.0,0.0,0.0,0.0,0.0
S_002_1-S_003_3-S_005_2,2.674876138396057e-35,0.9999998807907104,1.9806388175275105e-35,0.0,1.5246784220574085e-37,3.073487382326439e-25,3.95240853663225e-14,3.1548521140446508e-21,0.0,0.0,0.0,0.0,1.0431291030954526e-07,0.0,0.0,0.0,0.0,0.0,9.087238932865462e-37,0.0
S_003_3-S_004_2-S_005_3,5.259952657932339e-20,0.9998195767402649,1.2501132013148476e-24,1.061375294380726e-37,2.7027318318544614e-27,2.2674409194716394e-15,6.191179838764549e-13,1.365372814809973e-10,0.0,0.0,0.0,1.2682492121334919e-26,0.00018048775382339954,0.0,0.0,0.0,3.2423077523330553e-34,4.4030480878490884e-33,4.934288280125336e-24,0.0
S_002_3-S_004_3-S_005_2,5.688769645973936e-31,0.999972939491272,1.9175480565280196e-28,0.0,2.873470456234898e-34,5.306780528556399e-18,1.3331887815937193e-09,7.325793143224575e-15,0.0,0.0,0.0,0.0,2.7048270567320287e-05,0.0,0.0,0.0,0.0,0.0,7.681303651291739e-34,0.0
S_001_1-S_003_3-S_005_1,3.4476758179368503e-22,0.9977962970733643,1.289782531326561e-22,0.0,4.6765353872413085e-26,1.832233564869057e-08,1.6895000953809358e-06,4.244531126573747e-08,0.0,0.0,0.0,1.364414536671754e-29,0.002201938536018133,0.0,2.1488033504439754e-36,0.0,8.978226017540992e-33,4.165526597295983e-33,1.1065765280649468e-23,0.0
S_001_3-S_002_3-S_003_1,8.160527249198263e-27,0.953405499458313,7.358839891288875e-30,0.0,9.8386067732327e-32,2.2677333622045381e-10,1.0433075914306755e-07,1.1439973945925885e-07,0.0,0.0,0.0,1.8703844705040753e-37,0.04659428820014,0.0,0.0,0.0,0.0,0.0,2.9936117149340258e-30,0.0
S_001_3-S_002_2-S_004_1,7.138695918129652e-34,0.9991781115531921,1.1116853032172882e-33,0.0,1.2027078472591683e-38,5.037731121149136e-09,2.081927277686191e-06,1.0691201168810949e-06,0.0,0.0,0.0,0.0,0.0008188083302229643,0.0,0.0,0.0,0.0,0.0,2.0979117775437667e-36,0.0
S_001_1-S_003_1-S_005_1,1.6456092866791714e-21,0.9924546480178833,2.8794531232366585e-22,0.0,2.6742732278828663e-25,3.1446013792901795e-08,1.1419213024055352e-06,7.230330822949327e-08,0.0,0.0,0.0,5.934956549979643e-29,0.007544027641415596,5.73399280434922e-38,1.333917038878146e-35,0.0,5.063258539048275e-32,2.605467653297452e-32,3.9487218316299346e-23,0.0
S_002_3-S_003_1-S_005_1,6.883760925178179e-35,0.9998806715011597,1.947176064382868e-31,0.0,1.3066499455776016e-37,3.0386505451947805e-25,2.8971759886975423e-12,2.5775048735130466e-23,0.0,0.0,0.0,0.0,0.00011927329614991322,0.0,0.0,0.0,0.0,0.0,7.237106606223815e-35,0.0
S_001_2-S_002_3-S_003_1,1.101835552910659e-24,0.9999972581863403,2.3966654404678102e-29,0.0,8.343169878119555e-35,8.68884908467038e-10,3.8500596133417275e-07,1.5423106347611792e-08,0.0,0.0,0.0,2.2448702438274825e-31,2.4101618691929616e-06,0.0,0.0,0.0,1.3744937266499798e-38,0.0,5.792664538677013e-31,0.0
S_001_3-S_003_2-S_004_1,8.234637110337451e-36,0.9879271388053894,0.0,0.0,0.0,1.2182647252112488e-11,6.066480096045268e-10,9.198550809941253e-10,0.0,0.0,0.0,0.0,0.012072873301804066,0.0,0.0,0.0,0.0,0.0,3.6958700490165964e-38,0.0
S_002_2-S_004_1-S_005_1,5.573948883649691e-21,0.999982476234436,2.820715615609088e-19,0.0,1.1104192273064594e-23,4.2410460566012027e-16,1.087300027791116e-08,2.181883010854077e-13,0.0,0.0,0.0,1.921051563838103e-28,1.7560074411449023e-05,1.4245668851950842e-38,0.0,0.0,2.620393295370701e-35,1.0338980206598292e-34,9.25411071306868e-24,0.0
S_001_2-S_004_3-S_005_3,3.825217732491051e-30,0.9916973114013672,2.344970023631571e-32,0.0,1.1930659329156886e-38,6.3568217530118876e-12,7.381029121233951e-10,7.043780003712641e-10,0.0,0.0,0.0,3.850206259280403e-38,0.008302734233438969,0.0,0.0,0.0,0.0,0.0,7.250203771426135e-33,0.0
S_001_1-S_003_3-S_004_1,2.782730676550181e-28,0.9992620348930359,1.37606067115665e-27,0.0,1.2363903535302813e-34,3.309834482934093e-06,0.0007084763492457569,2.5652156182331964e-05,0.0,0.0,0.0,1.1293371847349488e-35,5.291357751957548e-07,0.0,0.0,0.0,0.0,0.0,2.4928039136306023e-30,0.0
S_002_2-S_003_2-S_005_2,7.171470441431779e-20,0.9999938011169434,1.1370728651416144e-23,9.800731682024732e-37,1.588535641948538e-21,2.5696789192493873e-14,1.9172290144364723e-10,6.186885912029538e-06,0.0,0.0,0.0,2.8064631915584486e-33,1.64383422429637e-08,2.844535829869026e-38,1.4218636963794938e-37,0.0,4.749190534089343e-36,1.5192697462967462e-37,2.070129557852957e-26,0.0
S_001_1-S_004_1-S_005_1,7.614706192118002e-25,0.9982086420059204,3.4167498514339813e-25,0.0,1.4887975624011885e-29,1.5027378230669797e-09,7.333821372412785e-07,7.3906707420690054e-09,0.0,0.0,0.0,6.24174393524623e-32,0.001790595706552267,0.0,0.0,0.0,8.966415347105757e-36,5.559563453878173e-36,4.898168940051063e-26,0.0
S_001_1-S_002_2-S_005_3,7.997949969948054e-22,0.9999079704284668,1.879173330230836e-23,0.0,4.567875960522936e-26,4.3125194082449525e-08,6.984496394579764e-07,9.076323408407916e-07,0.0,0.0,0.0,5.726719775793623e-31,9.036050323629752e-05,0.0,1.6882957123101314e-37,0.0,9.509016450892965e-34,1.0499696457472103e-33,3.496242181561745e-24,0.0
S_002_3-S_003_2-S_004_3,0.0,1.0,0.0,0.0,0.0,2.790284607126305e-27,3.027087431906812e-23,1.5577578363426593e-25,0.0,0.0,0.0,0.0,3.8296050774988544e-08,0.0,0.0,0.0,0.0,0.0,0.0,0.0
S_003_1-S_004_3-S_005_3,7.6279137304904035e-28,0.9992208480834961,6.872242664890509e-27,0.0,1.0946996336326432e-29,9.092543776593341e-20,8.253142960712445e-12,2.27493382586261e-16,0.0,0.0,0.0,3.360836061968832e-33,0.0007791343959979713,0.0,0.0,0.0,0.0,0.0,1.3171709334681381e-27,0.0
S_001_3-S_003_1-S_005_1,8.705001727839253e-30,0.9999115467071533,4.5368503515749036e-30,0.0,1.2379369633862727e-31,1.012143602437121e-12,9.73756741906584e-10,1.0502064773376674e-09,0.0,0.0,0.0,0.0,8.846144919516519e-05,0.0,0.0,0.0,0.0,0.0,3.026993497548225e-30,0.0
S_002_1-S_004_3-S_005_1,1.9691202399437925e-30,0.9999974966049194,1.7101302464350306e-29,0.0,3.177497293743751e-32,1.113124783553096e-23,4.019854761561081e-12,1.1280325344401287e-19,0.0,0.0,0.0,0.0,2.4952212243078975e-06,0.0,0.0,0.0,0.0,0.0,2.779012055654688e-31,0.0
S_001_3-S_002_3-S_003_2,4.481397357725286e-33,0.9998487234115601,2.882070850450094e-34,0.0,3.5996369128189144e-35,4.686259626879297e-12,1.7692727283247223e-09,2.0936637312729545e-08,0.0,0.0,0.0,0.0,0.00015123389312066138,0.0,0.0,0.0,0.0,0.0,1.9392610145982703e-34,0.0
S_003_1-S_004_1-S_005_1,5.237649322452586e-18,0.9999676942825317,2.83772010943106e-23,3.2534971177546396e-32,3.638686992432729e-25,1.4975138843317104e-16,1.3684430514747034e-14,3.961086667003677e-11,0.0,0.0,0.0,2.6458609232671343e-25,3.2347190426662564e-05,6.194159377647235e-37,1.0711487345980672e-37,0.0,1.127053330650855e-33,3.271921005118326e-30,3.8601367278325773e-22,1.3874707873904912e-37
S_001_2-S_004_1-S_005_2,6.922129822105282e-31,0.9930331707000732,1.0856099548814705e-32,0.0,0.0,5.7421623879394534e-12,4.4394385390056357e-10,1.879361777312738e-09,0.0,0.0,0.0,0.0,0.006966865621507168,0.0,0.0,0.0,0.0,0.0,2.2445083825852613e-33,0.0
S_002_1-S_003_1-S_004_3,2.419163105076626e-37,0.9992436170578003,0.0,0.0,0.0,3.987312990417058e-20,4.2006115280040864e-20,3.735950648683909e-17,0.0,0.0,0.0,0.0,0.0007563737453892827,0.0,0.0,0.0,0.0,0.0,5.276422332638151e-38,0.0
S_002_3-S_003_3-S_005_2,0.0,0.9999994039535522,8.565596611210377e-38,0.0,0.0,4.537270911480181e-28,4.077647577724336e-16,2.9866762965428744e-23,0.0,0.0,0.0,0.0,6.407243517969619e-07,0.0,0.0,0.0,0.0,0.0,0.0,0.0
S_003_3-S_004_3-S_005_3,3.95243379936312e-26,0.9994745850563049,4.86777714923105e-25,0.0,8.16984971309407e-28,2.6602587584945337e-18,4.296107219969869e-11,4.280051553245349e-15,0.0,0.0,0.0,1.3450117328775331e-30,0.0005254370626062155,0.0,0.0,0.0,1.2119376173035147e-36,3.4450159990645526e-36,1.5529473871945249e-25,0.0
S_001_3-S_004_2-S_005_2,2.3627421757848594e-33,0.9999420642852783,1.0543195947348519e-34,0.0,4.390845143437261e-38,1.4034758598346908e-12,2.8008323438299954e-10,1.1145154799052648e-09,0.0,0.0,0.0,0.0,5.795692413812503e-05,0.0,0.0,0.0,0.0,0.0,1.8802225856902197e-35,0.0
S_002_1-S_003_2-S_005_3,9.329875716826768e-30,0.9999986886978149,1.9046634648294474e-29,0.0,1.7861736577764479e-32,2.178881025657003e-22,1.013213644929234e-11,7.131709704693339e-18,0.0,0.0,0.0,0.0,1.326771553067374e-06,0.0,0.0,0.0,0.0,0.0,6.035498749417056e-32,0.0
S_001_2-S_004_3-S_005_1,1.47129769023948e-28,0.9425621628761292,2.1359433889469535e-30,0.0,2.8889689302510386e-36,1.948359355796736e-11,1.5476789849699912e-09,2.561385326060872e-09,0.0,0.0,0.0,8.641495083881664e-37,0.05743790417909622,0.0,0.0,0.0,0.0,0.0,4.903247426827903e-31,0.0
S_003_2-S_004_1-S_005_2,4.777555168969036e-14,0.999984622001648,2.922904236693697e-16,8.669089152907507e-29,1.6110775455257977e-20,7.240709420930358e-11,5.283092630037345e-09,2.0428180036446975e-08,6.148891105006886e-24,1.5434055906929318e-28,1.0279841414212157e-29,3.481463934624752e-20,1.5375970178865828e-05,8.104968792534558e-27,1.3415587917609192e-27,3.5469695680129934e-31,6.4298884870424945e-24,9.659910549519974e-26,4.531136163297569e-19,1.4709109066917137e-25
S_001_3-S_002_3-S_004_1,6.455120698365049e-34,0.9993212223052979,3.033414829763502e-35,0.0,0.0,6.021092247010529e-08,1.0902344001806341e-05,1.2947100003657397e-05,0.0,0.0,0.0,0.0,0.0006548649980686605,0.0,0.0,0.0,0.0,0.0,4.007136945624938e-37,0.0
S_001_1-S_003_3-S_005_2,3.340762824738567e-24,0.9994778037071228,1.8291688820504087e-25,0.0,4.024695249396213e-29,1.4315052254687544e-08,1.7441698219045065e-07,3.2540293659621966e-07,0.0,0.0,0.0,1.8114823450232394e-33,0.0005217178259044886,0.0,0.0,0.0,5.755461481549816e-37,3.0904698200193357e-37,8.100582294493222e-27,0.0
S_002_3-S_003_1-S_005_3,9.79177413382526e-37,0.9999643564224243,3.237525969883605e-33,0.0,0.0,1.9302459996149263e-25,7.322157339001781e-14,1.7969389984826148e-23,0.0,0.0,0.0,0.0,3.563340942491777e-05,0.0,0.0,0.0,0.0,0.0,3.1602553803737288e-37,0.0
S_002_3-S_003_3-S_004_1,0.0,1.7720798268783255e-06,7.35940278851371e-35,0.0,0.0,1.060327102561228e-21,0.9999982118606567,1.0726182834885235e-19,0.0,0.0,0.0,0.0,5.0666049133951674e-08,0.0,0.0,0.0,0.0,0.0,0.0,0.0
S_001_2-S_002_2-S_003_2,2.071852286615262e-31,0.9342458248138428,2.1113163520249682e-36,0.0,0.0,1.1485109255443006e-15,6.721715740433398e-13,2.5389176438322947e-12,0.0,0.0,0.0,0.0,0.06575418263673782,0.0,0.0,0.0,0.0,0.0,1.4205530560515676e-33,0.0
S_001_2-S_002_3-S_004_2,3.236758790548507e-28,0.5458452701568604,1.1823933185770141e-23,0.0,4.566959934074606e-30,0.0012348373420536518,0.4514801502227783,0.001439557527191937,0.0,0.0,0.0,1.1121170556801895e-30,1.0848354037307217e-07,0.0,0.0,0.0,4.3965006876299415e-35,0.0,6.948316488433691e-29,0.0
S_001_2-S_004_1-S_005_1,2.1339725562468394e-27,0.9825600981712341,1.3091117592452282e-28,0.0,3.537502451048045e-35,7.323795736535743e-11,1.214614542277559e-08,1.2061327936407906e-08,0.0,0.0,0.0,3.694999752987149e-36,0.017439935356378555,0.0,0.0,0.0,0.0,0.0,2.334596291863036e-30,0.0
S_001_2-S_004_2-S_005_2,7.7180796165385885e-31,0.9922314882278442,3.373782662875201e-33,0.0,0.0,1.138221981944465e-11,1.364802715286828e-09,4.707446654705905e-10,0.0,0.0,0.0,0.0,0.007768494077026844,0.0,0.0,0.0,0.0,0.0,1.2801723982695007e-33,0.0
S_002_1-S_003_1-S_004_1,1.22004779077036e-32,0.9999774694442749,2.0919676398201208e-32,0.0,0.0,1.0471151161313832e-17,5.951225375611102e-06,4.0357935092785735e-15,0.0,0.0,0.0,1.1274797221420517e-36,1.659729241509922e-05,0.0,0.0,0.0,0.0,0.0,1.8397957393236955e-36,0.0
S_001_3-S_004_1-S_005_1,1.8651063401926382e-32,0.9995933175086975,3.7009807807426155e-32,0.0,3.5568450154403964e-35,3.742044109474041e-13,2.342037896951865e-09,1.4226807232287086e-10,0.0,0.0,0.0,0.0,0.0004066573746968061,0.0,0.0,0.0,0.0,0.0,3.0474579373104476e-32,0.0
S_001_1-S_002_2-S_004_1,3.411636307134919e-25,0.9980006814002991,2.825426501084096e-23,0.0,4.758745693032733e-29,4.1859843804559205e-06,0.001980968751013279,1.4175920114212204e-05,0.0,0.0,0.0,1.211335247047256e-32,4.510155093839785e-08,0.0,0.0,0.0,8.880032404165943e-37,0.0,2.5463776648800628e-28,0.0
S_001_2-S_003_1-S_005_3,2.057094555840553e-26,0.97008216381073,7.007426287692474e-29,0.0,6.61207031636394e-34,1.4213207277791184e-09,7.516918287819863e-08,6.942049424196739e-08,0.0,0.0,0.0,7.108041573895225e-35,0.029917672276496887,0.0,0.0,0.0,0.0,0.0,1.812200019589247e-30,0.0
S_001_2-S_004_2-S_005_1,7.4078945306786335e-28,0.9955741167068481,1.2432594748534061e-29,0.0,3.02507272288125e-36,3.7889302806348724e-11,6.2551221979845195e-09,4.102726158805581e-09,0.0,0.0,0.0,5.489538529325298e-36,0.0044259256683290005,0.0,0.0,0.0,0.0,0.0,1.9651637140380208e-31,0.0
S_002_2-S_003_1-S_004_1,4.7058884084865166e-26,0.9999996423721313,4.846028236259255e-29,0.0,6.713534936485652e-36,1.5949377345705483e-15,3.2836704466632227e-09,4.0276264176011475e-14,1.678880780291903e-37,0.0,0.0,2.921126124572152e-27,3.50362256540393e-07,0.0,0.0,0.0,1.5435520066059523e-36,0.0,1.8988098791205447e-30,0.0
S_001_3-S_004_1-S_005_2,2.5758844185971393e-34,0.9999135732650757,1.6431310287520965e-35,0.0,0.0,3.6574381218935914e-13,1.4043798068907876e-10,5.418790971489784e-10,0.0,0.0,0.0,0.0,8.636397251393646e-05,0.0,0.0,0.0,0.0,0.0,3.725279279253585e-36,0.0
S_001_3-S_002_3-S_005_3,2.0018133897554158e-28,0.9998538494110107,3.280560456014949e-29,0.0,1.1343706213542504e-31,3.2874700184315486e-10,5.3701569413533434e-08,2.801614051861634e-08,0.0,0.0,0.0,0.0,0.00014600854774471372,0.0,0.0,0.0,0.0,0.0,8.07710794088425e-30,0.0
S_002_3-S_004_3-S_005_1,3.644448024802107e-32,0.9999854564666748,3.4975195938863305e-28,0.0,2.1714445669371923e-35,1.2378973194328748e-22,3.422149065859803e-12,1.0816565887738578e-19,0.0,0.0,0.0,0.0,1.4500019460683689e-05,0.0,0.0,0.0,0.0,0.0,1.091164018752312e-33,0.0
S_001_3-S_002_1-S_005_2,2.369539648192642e-31,0.9999985694885254,1.1812914481501615e-32,0.0,2.444482517274439e-34,1.437536461396105e-11,5.083251042314885e-10,1.1062561355856815e-07,0.0,0.0,0.0,0.0,1.274712758458918e-06,0.0,0.0,0.0,0.0,0.0,3.0969974569527236e-33,0.0
S_001_2-S_002_3-S_005_2,2.062747044671533e-27,0.9296948909759521,2.721676350085986e-29,0.0,1.4423289970650543e-33,3.0545772577994512e-09,5.540842096252163e-08,2.8211479730089195e-07,0.0,0.0,0.0,1.0578281483416235e-36,0.07030482590198517,0.0,0.0,0.0,0.0,0.0,1.0568634609373023e-30,0.0
S_002_1-S_003_2-S_004_1,2.8399000769397107e-31,0.3133055865764618,1.6124853274206993e-27,0.0,1.0037271759633778e-35,1.9450533373086256e-17,0.6866836547851562,4.951568262400244e-15,0.0,0.0,0.0,1.7040772477192346e-37,1.0745400686573703e-05,0.0,0.0,0.0,0.0,0.0,3.082467612092591e-33,0.0
S_001_2-S_002_1-S_005_2,3.946422086078913e-28,0.9623970985412598,2.8581667419339747e-30,0.0,1.924875558096972e-34,6.809744990121658e-10,1.1813999556409271e-08,5.8058997609578e-08,0.0,0.0,0.0,2.0539071493905936e-37,0.03760283440351486,0.0,0.0,0.0,0.0,0.0,3.8508529603135573e-31,0.0
S_002_1-S_003_1-S_004_2,4.0649561794003616e-35,0.9999969005584717,2.0280797613426843e-37,0.0,0.0,5.213238925308114e-20,7.961293430058802e-11,5.436782218858703e-17,0.0,0.0,0.0,0.0,3.0915102797735017e-06,0.0,0.0,0.0,0.0,0.0,9.457819598508175e-38,0.0
S_003_3-S_004_1-S_005_2,6.087335420825495e-22,0.9999929666519165,2.70249812025571e-28,0.0,2.776819335512438e-29,2.400888732614903e-13,2.279371895223814e-13,2.0656572008448393e-09,0.0,0.0,0.0,9.070995561510147e-31,7.0571004471275955e-06,0.0,0.0,0.0,0.0,2.2583582544729662e-35,3.770487961954551e-26,0.0
S_002_1-S_004_1-S_005_2,5.420404873428383e-32,0.9999935626983643,1.2691091597183398e-33,0.0,6.086406476181039e-38,4.534749116960965e-22,8.024548737897274e-15,1.764218221991386e-16,0.0,0.0,0.0,0.0,6.459900760091841e-06,0.0,0.0,0.0,0.0,0.0,4.7501514347143773e-35,0.0
S_001_3-S_004_2-S_005_1,6.276860653482695e-32,0.9996519088745117,8.289646699957839e-32,0.0,1.2133196697742111e-34,6.833316464754935e-13,2.287552369750756e-09,2.6666657770846314e-10,0.0,0.0,0.0,0.0,0.00034814493847079575,0.0,0.0,0.0,0.0,0.0,5.436773044516408e-32,0.0
S_002_2-S_003_2-S_005_1,2.328690234192706e-18,0.9999973773956299,9.98144121352835e-18,1.2272206043501743e-36,5.392456587682192e-18,2.6418781865525072e-15,9.730962702292345e-09,1.9097649850419174e-10,3.171780864715702e-32,7.2762971746204976e-34,3.301021628857965e-34,6.432705199645504e-28,2.5855340481939493e-06,2.8542408729208724e-31,3.0797723945639873e-31,2.3344895364048303e-33,6.962869296575967e-29,1.4499344778409692e-30,1.722176949079619e-20,2.182617502988514e-33
S_002_1-S_004_3-S_005_2,1.089848016092368e-33,0.9999992847442627,1.951986613383135e-33,0.0,2.456214100128327e-35,7.525273129900709e-24,7.156197665426477e-15,1.2802466659975628e-18,0.0,0.0,0.0,0.0,6.960118525967118e-07,0.0,0.0,0.0,0.0,0.0,9.329322394738105e-35,0.0
S_001_3-S_002_1-S_003_1,2.3374395437445678e-26,0.9959927797317505,2.9895349876779164e-29,0.0,1.1081218795201628e-30,7.72148511796189e-10,4.883111159870168e-08,5.649857257594704e-07,0.0,0.0,0.0,1.8498889670609834e-37,0.004006632138043642,0.0,0.0,0.0,0.0,0.0,2.0661662323612386e-29,0.0
S_001_2-S_002_3-S_004_3,0.0,0.9996009469032288,0.0,0.0,0.0,8.062946898269759e-20,1.9175651938172465e-14,9.306714289208031e-17,0.0,0.0,0.0,0.0,0.0003990582481492311,0.0,0.0,0.0,0.0,0.0,0.0,0.0
S_001_3-S_003_1-S_005_2,1.3100323241361877e-32,0.999995231628418,8.298940525637424e-34,0.0,2.1589605356852526e-35,1.2023718609296963e-12,2.0336435313517143e-10,1.0264385785774266e-08,0.0,0.0,0.0,0.0,4.795748736796668e-06,0.0,0.0,0.0,0.0,0.0,1.9037876027029528e-34,0.0
S_002_3-S_004_3-S_005_3,5.812847188933456e-32,0.9999854564666748,4.511420778840062e-29,0.0,3.4859550345932916e-37,3.404516669832357e-21,1.965212497942459e-12,1.2672799895103347e-18,0.0,0.0,0.0,0.0,1.4550053492712323e-05,0.0,0.0,0.0,0.0,0.0,7.64214361819753e-35,0.0
S_001_1-S_002_1-S_005_2,2.2845059983236773e-23,0.9997989535331726,9.415551886183065e-25,0.0,2.4683921873482057e-27,2.2558587886578607e-08,1.1123228205178748e-07,4.6358985628103255e-07,0.0,0.0,0.0,5.5835952276699886e-33,0.00020052818581461906,0.0,0.0,0.0,4.754572596389571e-36,7.658309822366516e-36,1.215658074253703e-25,0.0
S_001_1-S_002_3-S_004_2,7.478799663807691e-27,0.9973077774047852,2.051049427671811e-28,0.0,6.096905398809662e-32,7.5904849836661015e-06,0.00027737754862755537,0.00012338170199654996,0.0,0.0,0.0,1.492117427636117e-32,0.002283823676407337,0.0,0.0,0.0,0.0,0.0,1.329398064593527e-30,0.0
S_002_1-S_003_1-S_005_2,2.2383214711268455e-35,0.9999998807907104,1.2920849659274417e-35,0.0,1.63003543946124e-37,3.2809962573686946e-25,3.923805589256188e-14,3.4442112418153155e-21,0.0,0.0,0.0,0.0,1.4777691603740095e-07,0.0,0.0,0.0,0.0,0.0,1.3446575768228502e-36,0.0
S_002_1-S_003_3-S_004_3,8.252571020385728e-32,0.9999988079071045,0.0,0.0,0.0,2.079903378026564e-15,8.813678909923964e-18,9.21306759181506e-13,0.0,0.0,0.0,2.755476025709169e-38,1.2307151564527885e-06,0.0,0.0,0.0,0.0,0.0,1.3365728927284425e-33,0.0
S_002_3-S_004_1-S_005_2,0.0,0.9999983310699463,1.4872500483609548e-38,0.0,0.0,4.760839600179457e-28,8.616015830748293e-17,8.672868531770976e-24,0.0,0.0,0.0,0.0,1.6124142803164432e-06,0.0,0.0,0.0,0.0,0.0,0.0,0.0
S_001_1-S_004_3-S_005_3,8.630276353776283e-25,0.9992151260375977,6.665470203829228e-27,0.0,8.284985747307393e-31,7.320710260216856e-09,2.0028542735417432e-07,2.5904034828272415e-07,0.0,0.0,0.0,1.0218678920873689e-33,0.0007843755302019417,0.0,0.0,0.0,1.4018921664581822e-37,4.761516893480154e-38,1.926672390380797e-27,0.0
S_001_1-S_002_3-S_003_2,1.067801381750063e-25,0.947975218296051,9.531084633316725e-26,0.0,3.737040182535982e-27,1.847480675387647e-11,5.2942617401186e-08,2.0319865789986125e-09,0.0,0.0,0.0,4.045655744541873e-34,0.05202484130859375,0.0,0.0,0.0,0.0,4.341439283220868e-38,1.1800557184877494e-26,0.0
S_001_1-S_002_1-S_004_2,1.4048384520349498e-29,0.9998759031295776,4.2929997760930444e-33,0.0,3.087373847244195e-38,2.709619195684354e-09,8.980046573014988e-08,5.494504051739568e-08,0.0,0.0,0.0,4.767943988123137e-36,0.00012399657862260938,0.0,0.0,0.0,0.0,0.0,1.8328104043219636e-33,0.0
S_001_1-S_003_1-S_005_2,5.991226209045794e-24,0.9987289309501648,3.2832075330936423e-25,0.0,1.673744945979904e-28,1.4094355016425197e-08,1.157084170699818e-07,2.3564975037970726e-07,0.0,0.0,0.0,4.256003662794805e-33,0.0012706557754427195,0.0,0.0,0.0,1.668370795180937e-36,1.2369650320841103e-36,2.332435207377072e-26,0.0
S_002_2-S_004_2-S_005_2,2.938711344694902e-23,0.9999990463256836,2.8982541398540995e-23,0.0,5.675596138452632e-28,2.395890130730524e-16,9.039242965247496e-11,8.322747872824277e-12,0.0,0.0,0.0,1.4760806541195278e-33,9.618078138373676e-07,0.0,0.0,0.0,0.0,0.0,3.311090730827613e-27,0.0
S_001_3-S_003_3-S_004_2,7.713777206482519e-37,0.984624981880188,0.0,0.0,0.0,1.0803280470726706e-13,3.4176227386301106e-12,5.481719939082197e-11,0.0,0.0,0.0,0.0,0.015375040471553802,0.0,0.0,0.0,0.0,0.0,0.0,0.0
S_001_1-S_002_1-S_003_2,1.4962090403652699e-27,0.9870290756225586,5.721957124073922e-29,0.0,1.3728341795287276e-30,1.3646226618320434e-13,7.298436299763011e-10,3.364028500207894e-10,0.0,0.0,0.0,5.065193404722757e-38,0.012970923446118832,0.0,0.0,0.0,0.0,0.0,2.4112116282259024e-29,0.0
S_002_3-S_003_1-S_004_3,0.0,0.9991523027420044,0.0,0.0,0.0,4.3283045273227525e-27,6.226613625693786e-24,7.233417176112346e-25,0.0,0.0,0.0,0.0,0.0008476932998746634,0.0,0.0,0.0,0.0,0.0,0.0,0.0
S_003_2-S_004_2-S_005_1,1.3897452966205037e-08,0.9970728158950806,2.7105089284162887e-09,1.1120704204661701e-20,9.629898874846665e-13,2.7749564424084383e-07,0.0016627786681056023,3.5108556062368734e-07,4.506659548173713e-15,4.612838860350963e-18,2.0942616651260433e-18,8.1914699632743e-13,0.001263689948245883,2.223752865876394e-15,1.021956169646399e-16,8.163949218278875e-18,1.1404403956228617e-15,6.245829708895588e-17,2.8369567979524835e-12,2.5612921072254435e-15
S_001_2-S_003_1-S_005_1,1.2798666680770686e-24,0.7908804416656494,6.351983120107418e-27,0.0,4.765925236369363e-31,3.1062838967699236e-09,1.988956483955917e-07,1.017088706589675e-07,0.0,0.0,0.0,7.012795054862312e-33,0.2091192603111267,0.0,0.0,0.0,8.813290688283818e-38,0.0,3.0917186916254054e-28,0.0
S_001_1-S_002_2-S_004_2,4.163185260578453e-29,0.9999532699584961,3.563174274856593e-30,0.0,1.1801454958435236e-36,1.2251160086407253e-09,4.976543550583301e-07,3.2303020702784124e-08,0.0,0.0,0.0,1.5969112279865188e-35,4.6200228098314255e-05,0.0,0.0,0.0,0.0,0.0,1.8903221633857148e-32,0.0
S_003_2-S_004_3-S_005_3,2.992791570122222e-10,0.9995817542076111,1.0344054779398704e-10,8.952059027903175e-24,1.2414582166095367e-12,6.427391099350643e-07,0.0003920539456885308,1.881987918750383e-05,9.00812921960048e-18,1.2327444234544215e-19,2.5572627264140114e-19,1.6085412954616892e-15,6.7331466198083945e-06,1.0213156836980992e-17,3.693856089055575e-18,6.5001760219704615e-19,3.358066883950002e-16,3.0100324424040994e-19,7.973913955343359e-14,2.7859085275171043e-18
S_001_3-S_002_2-S_005_2,8.245550262826007e-31,0.9999978542327881,5.697114921180805e-33,0.0,1.2240897923805097e-34,7.150470493488825e-11,1.351193379406368e-09,9.830351928030723e-07,0.0,0.0,0.0,0.0,1.1542141464815359e-06,0.0,0.0,0.0,0.0,0.0,6.779855420883521e-33,0.0
S_001_2-S_003_1-S_004_2,7.695752129902276e-33,0.9746628403663635,1.4094451259986472e-27,0.0,1.1225371967233378e-36,3.952567567466758e-06,0.02530328370630741,2.9655027901753783e-05,0.0,0.0,0.0,6.2361925021753675e-37,3.404063306788885e-07,0.0,0.0,0.0,0.0,0.0,9.712949108726285e-34,0.0
S_001_3-S_003_3-S_005_3,7.461374690008277e-31,0.9999173879623413,1.9193267224209267e-31,0.0,8.77558511779663e-34,2.5024869329537403e-12,1.4153737071254113e-09,1.6554780879474151e-09,0.0,0.0,0.0,0.0,8.25897222966887e-05,0.0,0.0,0.0,0.0,0.0,5.562000808698208e-32,0.0
S_001_3-S_003_1-S_004_2,1.0345541278826929e-36,0.9744381904602051,0.0,0.0,0.0,1.5436286079115007e-14,2.2891571450911474e-12,1.0006163432552118e-11,0.0,0.0,0.0,0.0,0.02556179091334343,0.0,0.0,0.0,0.0,0.0,0.0,0.0
S_001_2-S_004_3-S_005_2,2.971399808779758e-31,0.9779111742973328,1.0804300104548775e-33,0.0,0.0,9.436194013667798e-12,6.5163252571665e-10,1.9989544741694232e-10,0.0,0.0,0.0,0.0,0.02208888716995716,0.0,0.0,0.0,0.0,0.0,1.1661485278847772e-33,0.0
